{
  "dataset_revision": "c22ab2a51041ffd869aaddef7af8d8215647e41a",
  "task_name": "ArguAna",
  "mteb_version": "1.36.15",
  "scores": {
    "test": [
      {
        "ndcg_at_1": 0.13158,
        "ndcg_at_3": 0.20047,
        "ndcg_at_5": 0.22646,
        "ndcg_at_10": 0.25232,
        "ndcg_at_20": 0.26395,
        "ndcg_at_100": 0.28024,
        "ndcg_at_1000": 0.29469,
        "map_at_1": 0.13158,
        "map_at_3": 0.18326,
        "map_at_5": 0.19781,
        "map_at_10": 0.20854,
        "map_at_20": 0.2117,
        "map_at_100": 0.21414,
        "map_at_1000": 0.21453,
        "recall_at_1": 0.13158,
        "recall_at_3": 0.25036,
        "recall_at_5": 0.31294,
        "recall_at_10": 0.3926,
        "recall_at_20": 0.43883,
        "recall_at_100": 0.52418,
        "recall_at_1000": 0.64865,
        "precision_at_1": 0.13158,
        "precision_at_3": 0.08345,
        "precision_at_5": 0.06259,
        "precision_at_10": 0.03926,
        "precision_at_20": 0.02194,
        "precision_at_100": 0.00524,
        "precision_at_1000": 0.00065,
        "mrr_at_1": 0.13229,
        "mrr_at_3": 0.183618,
        "mrr_at_5": 0.198163,
        "mrr_at_10": 0.209018,
        "mrr_at_20": 0.212229,
        "mrr_at_100": 0.214844,
        "mrr_at_1000": 0.215342,
        "nauc_ndcg_at_1_max": 0.339061,
        "nauc_ndcg_at_1_std": 0.201603,
        "nauc_ndcg_at_1_diff1": 0.369638,
        "nauc_ndcg_at_3_max": 0.418988,
        "nauc_ndcg_at_3_std": 0.269505,
        "nauc_ndcg_at_3_diff1": 0.422896,
        "nauc_ndcg_at_5_max": 0.438989,
        "nauc_ndcg_at_5_std": 0.304667,
        "nauc_ndcg_at_5_diff1": 0.436549,
        "nauc_ndcg_at_10_max": 0.474747,
        "nauc_ndcg_at_10_std": 0.353047,
        "nauc_ndcg_at_10_diff1": 0.466449,
        "nauc_ndcg_at_20_max": 0.495738,
        "nauc_ndcg_at_20_std": 0.376714,
        "nauc_ndcg_at_20_diff1": 0.483062,
        "nauc_ndcg_at_100_max": 0.527464,
        "nauc_ndcg_at_100_std": 0.411502,
        "nauc_ndcg_at_100_diff1": 0.511533,
        "nauc_ndcg_at_1000_max": 0.531462,
        "nauc_ndcg_at_1000_std": 0.415311,
        "nauc_ndcg_at_1000_diff1": 0.518023,
        "nauc_map_at_1_max": 0.339061,
        "nauc_map_at_1_std": 0.201603,
        "nauc_map_at_1_diff1": 0.369638,
        "nauc_map_at_3_max": 0.399706,
        "nauc_map_at_3_std": 0.252568,
        "nauc_map_at_3_diff1": 0.409624,
        "nauc_map_at_5_max": 0.412437,
        "nauc_map_at_5_std": 0.273907,
        "nauc_map_at_5_diff1": 0.417938,
        "nauc_map_at_10_max": 0.428703,
        "nauc_map_at_10_std": 0.295932,
        "nauc_map_at_10_diff1": 0.431254,
        "nauc_map_at_20_max": 0.434835,
        "nauc_map_at_20_std": 0.302972,
        "nauc_map_at_20_diff1": 0.435925,
        "nauc_map_at_100_max": 0.439987,
        "nauc_map_at_100_std": 0.308222,
        "nauc_map_at_100_diff1": 0.440621,
        "nauc_map_at_1000_max": 0.440401,
        "nauc_map_at_1000_std": 0.308675,
        "nauc_map_at_1000_diff1": 0.441117,
        "nauc_recall_at_1_max": 0.339061,
        "nauc_recall_at_1_std": 0.201603,
        "nauc_recall_at_1_diff1": 0.369638,
        "nauc_recall_at_3_max": 0.465721,
        "nauc_recall_at_3_std": 0.310708,
        "nauc_recall_at_3_diff1": 0.455179,
        "nauc_recall_at_5_max": 0.500939,
        "nauc_recall_at_5_std": 0.378047,
        "nauc_recall_at_5_diff1": 0.48039,
        "nauc_recall_at_10_max": 0.587572,
        "nauc_recall_at_10_std": 0.495442,
        "nauc_recall_at_10_diff1": 0.554184,
        "nauc_recall_at_20_max": 0.656607,
        "nauc_recall_at_20_std": 0.572693,
        "nauc_recall_at_20_diff1": 0.60984,
        "nauc_recall_at_100_max": 0.802933,
        "nauc_recall_at_100_std": 0.738625,
        "nauc_recall_at_100_diff1": 0.739836,
        "nauc_recall_at_1000_max": 0.866681,
        "nauc_recall_at_1000_std": 0.808814,
        "nauc_recall_at_1000_diff1": 0.815864,
        "nauc_precision_at_1_max": 0.339061,
        "nauc_precision_at_1_std": 0.201603,
        "nauc_precision_at_1_diff1": 0.369638,
        "nauc_precision_at_3_max": 0.465721,
        "nauc_precision_at_3_std": 0.310708,
        "nauc_precision_at_3_diff1": 0.455179,
        "nauc_precision_at_5_max": 0.500939,
        "nauc_precision_at_5_std": 0.378047,
        "nauc_precision_at_5_diff1": 0.48039,
        "nauc_precision_at_10_max": 0.587572,
        "nauc_precision_at_10_std": 0.495442,
        "nauc_precision_at_10_diff1": 0.554184,
        "nauc_precision_at_20_max": 0.656607,
        "nauc_precision_at_20_std": 0.572693,
        "nauc_precision_at_20_diff1": 0.60984,
        "nauc_precision_at_100_max": 0.802933,
        "nauc_precision_at_100_std": 0.738625,
        "nauc_precision_at_100_diff1": 0.739836,
        "nauc_precision_at_1000_max": 0.866681,
        "nauc_precision_at_1000_std": 0.808814,
        "nauc_precision_at_1000_diff1": 0.815864,
        "nauc_mrr_at_1_max": 0.339643,
        "nauc_mrr_at_1_std": 0.2047,
        "nauc_mrr_at_1_diff1": 0.364837,
        "nauc_mrr_at_3_max": 0.399044,
        "nauc_mrr_at_3_std": 0.252315,
        "nauc_mrr_at_3_diff1": 0.404158,
        "nauc_mrr_at_5_max": 0.410607,
        "nauc_mrr_at_5_std": 0.273961,
        "nauc_mrr_at_5_diff1": 0.41284,
        "nauc_mrr_at_10_max": 0.427566,
        "nauc_mrr_at_10_std": 0.296009,
        "nauc_mrr_at_10_diff1": 0.426849,
        "nauc_mrr_at_20_max": 0.43362,
        "nauc_mrr_at_20_std": 0.302961,
        "nauc_mrr_at_20_diff1": 0.431442,
        "nauc_mrr_at_100_max": 0.438434,
        "nauc_mrr_at_100_std": 0.307852,
        "nauc_mrr_at_100_diff1": 0.435783,
        "nauc_mrr_at_1000_max": 0.438624,
        "nauc_mrr_at_1000_std": 0.308058,
        "nauc_mrr_at_1000_diff1": 0.436052,
        "main_score": 0.25232,
        "hf_subset": "default",
        "languages": [
          "eng-Latn"
        ]
      }
    ]
  },
  "evaluation_time": 333.4778733253479,
  "kg_co2_emissions": null
}