{
  "dataset_revision": "6184bc1440d2dbc7612be22b50686b8826d22b32",
  "task_name": "CQADupstackProgrammersRetrieval",
  "mteb_version": "1.36.15",
  "scores": {
    "test": [
      {
        "ndcg_at_1": 0.06507,
        "ndcg_at_3": 0.07429,
        "ndcg_at_5": 0.0854,
        "ndcg_at_10": 0.0993,
        "ndcg_at_20": 0.11081,
        "ndcg_at_100": 0.13388,
        "ndcg_at_1000": 0.17161,
        "map_at_1": 0.05034,
        "map_at_3": 0.06398,
        "map_at_5": 0.07066,
        "map_at_10": 0.07652,
        "map_at_20": 0.07962,
        "map_at_100": 0.08284,
        "map_at_1000": 0.08401,
        "recall_at_1": 0.05034,
        "recall_at_3": 0.08084,
        "recall_at_5": 0.10941,
        "recall_at_10": 0.1515,
        "recall_at_20": 0.19307,
        "recall_at_100": 0.30825,
        "recall_at_1000": 0.58962,
        "precision_at_1": 0.06507,
        "precision_at_3": 0.03615,
        "precision_at_5": 0.02945,
        "precision_at_10": 0.02032,
        "precision_at_20": 0.01336,
        "precision_at_100": 0.00438,
        "precision_at_1000": 0.00092,
        "mrr_at_1": 0.065068,
        "mrr_at_3": 0.082382,
        "mrr_at_5": 0.090373,
        "mrr_at_10": 0.096931,
        "mrr_at_20": 0.101025,
        "mrr_at_100": 0.104258,
        "mrr_at_1000": 0.10535,
        "nauc_ndcg_at_1_max": 0.123482,
        "nauc_ndcg_at_1_std": -0.026999,
        "nauc_ndcg_at_1_diff1": 0.353989,
        "nauc_ndcg_at_3_max": 0.082197,
        "nauc_ndcg_at_3_std": -0.017739,
        "nauc_ndcg_at_3_diff1": 0.226985,
        "nauc_ndcg_at_5_max": 0.073494,
        "nauc_ndcg_at_5_std": -0.021101,
        "nauc_ndcg_at_5_diff1": 0.185155,
        "nauc_ndcg_at_10_max": 0.082501,
        "nauc_ndcg_at_10_std": -0.023136,
        "nauc_ndcg_at_10_diff1": 0.17657,
        "nauc_ndcg_at_20_max": 0.070516,
        "nauc_ndcg_at_20_std": -0.020577,
        "nauc_ndcg_at_20_diff1": 0.167775,
        "nauc_ndcg_at_100_max": 0.084868,
        "nauc_ndcg_at_100_std": -0.006525,
        "nauc_ndcg_at_100_diff1": 0.147639,
        "nauc_ndcg_at_1000_max": 0.090994,
        "nauc_ndcg_at_1000_std": 0.017569,
        "nauc_ndcg_at_1000_diff1": 0.144525,
        "nauc_map_at_1_max": 0.094704,
        "nauc_map_at_1_std": -0.096161,
        "nauc_map_at_1_diff1": 0.33707,
        "nauc_map_at_3_max": 0.080195,
        "nauc_map_at_3_std": -0.049266,
        "nauc_map_at_3_diff1": 0.244285,
        "nauc_map_at_5_max": 0.076711,
        "nauc_map_at_5_std": -0.04214,
        "nauc_map_at_5_diff1": 0.219438,
        "nauc_map_at_10_max": 0.083478,
        "nauc_map_at_10_std": -0.040934,
        "nauc_map_at_10_diff1": 0.21456,
        "nauc_map_at_20_max": 0.079101,
        "nauc_map_at_20_std": -0.039498,
        "nauc_map_at_20_diff1": 0.209984,
        "nauc_map_at_100_max": 0.082745,
        "nauc_map_at_100_std": -0.036334,
        "nauc_map_at_100_diff1": 0.20612,
        "nauc_map_at_1000_max": 0.083104,
        "nauc_map_at_1000_std": -0.035072,
        "nauc_map_at_1000_diff1": 0.205697,
        "nauc_recall_at_1_max": 0.094704,
        "nauc_recall_at_1_std": -0.096161,
        "nauc_recall_at_1_diff1": 0.33707,
        "nauc_recall_at_3_max": 0.057957,
        "nauc_recall_at_3_std": -0.021056,
        "nauc_recall_at_3_diff1": 0.170081,
        "nauc_recall_at_5_max": 0.048651,
        "nauc_recall_at_5_std": -0.008227,
        "nauc_recall_at_5_diff1": 0.104328,
        "nauc_recall_at_10_max": 0.071615,
        "nauc_recall_at_10_std": -0.002889,
        "nauc_recall_at_10_diff1": 0.113242,
        "nauc_recall_at_20_max": 0.040705,
        "nauc_recall_at_20_std": 0.000131,
        "nauc_recall_at_20_diff1": 0.095193,
        "nauc_recall_at_100_max": 0.074291,
        "nauc_recall_at_100_std": 0.037188,
        "nauc_recall_at_100_diff1": 0.04649,
        "nauc_recall_at_1000_max": 0.08755,
        "nauc_recall_at_1000_std": 0.133848,
        "nauc_recall_at_1000_diff1": 0.006598,
        "nauc_precision_at_1_max": 0.123482,
        "nauc_precision_at_1_std": -0.026999,
        "nauc_precision_at_1_diff1": 0.353989,
        "nauc_precision_at_3_max": 0.093766,
        "nauc_precision_at_3_std": 0.022084,
        "nauc_precision_at_3_diff1": 0.181811,
        "nauc_precision_at_5_max": 0.081522,
        "nauc_precision_at_5_std": 0.022058,
        "nauc_precision_at_5_diff1": 0.127791,
        "nauc_precision_at_10_max": 0.102265,
        "nauc_precision_at_10_std": 0.016696,
        "nauc_precision_at_10_diff1": 0.11293,
        "nauc_precision_at_20_max": 0.078282,
        "nauc_precision_at_20_std": 0.007409,
        "nauc_precision_at_20_diff1": 0.111788,
        "nauc_precision_at_100_max": 0.118236,
        "nauc_precision_at_100_std": 0.040787,
        "nauc_precision_at_100_diff1": 0.059336,
        "nauc_precision_at_1000_max": 0.11138,
        "nauc_precision_at_1000_std": 0.101264,
        "nauc_precision_at_1000_diff1": 0.074764,
        "nauc_mrr_at_1_max": 0.123482,
        "nauc_mrr_at_1_std": -0.026999,
        "nauc_mrr_at_1_diff1": 0.353989,
        "nauc_mrr_at_3_max": 0.09666,
        "nauc_mrr_at_3_std": -0.008434,
        "nauc_mrr_at_3_diff1": 0.251259,
        "nauc_mrr_at_5_max": 0.093375,
        "nauc_mrr_at_5_std": -0.009826,
        "nauc_mrr_at_5_diff1": 0.225167,
        "nauc_mrr_at_10_max": 0.096002,
        "nauc_mrr_at_10_std": -0.007771,
        "nauc_mrr_at_10_diff1": 0.217249,
        "nauc_mrr_at_20_max": 0.093013,
        "nauc_mrr_at_20_std": -0.007373,
        "nauc_mrr_at_20_diff1": 0.216648,
        "nauc_mrr_at_100_max": 0.09518,
        "nauc_mrr_at_100_std": -0.006751,
        "nauc_mrr_at_100_diff1": 0.213209,
        "nauc_mrr_at_1000_max": 0.095453,
        "nauc_mrr_at_1000_std": -0.005836,
        "nauc_mrr_at_1000_diff1": 0.213225,
        "main_score": 0.0993,
        "hf_subset": "default",
        "languages": [
          "eng-Latn"
        ]
      }
    ]
  },
  "evaluation_time": 8593.771557092667,
  "kg_co2_emissions": null
}