{
  "dataset_revision": "160c094312a0e1facb97e55eeddb698c0abe3571",
  "task_name": "CQADupstackWebmastersRetrieval",
  "mteb_version": "1.36.15",
  "scores": {
    "test": [
      {
        "ndcg_at_1": 0.02964,
        "ndcg_at_3": 0.03916,
        "ndcg_at_5": 0.03957,
        "ndcg_at_10": 0.04512,
        "ndcg_at_20": 0.0475,
        "ndcg_at_100": 0.05675,
        "ndcg_at_1000": 0.06747,
        "map_at_1": 0.01974,
        "map_at_3": 0.03028,
        "map_at_5": 0.03097,
        "map_at_10": 0.03381,
        "map_at_20": 0.03447,
        "map_at_100": 0.03585,
        "map_at_1000": 0.03628,
        "recall_at_1": 0.01974,
        "recall_at_3": 0.04194,
        "recall_at_5": 0.045,
        "recall_at_10": 0.06523,
        "recall_at_20": 0.07426,
        "recall_at_100": 0.12357,
        "recall_at_1000": 0.19683,
        "precision_at_1": 0.02964,
        "precision_at_3": 0.02174,
        "precision_at_5": 0.01502,
        "precision_at_10": 0.01067,
        "precision_at_20": 0.00702,
        "precision_at_100": 0.00275,
        "precision_at_1000": 0.00059,
        "mrr_at_1": 0.029644,
        "mrr_at_3": 0.042819,
        "mrr_at_5": 0.044598,
        "mrr_at_10": 0.047175,
        "mrr_at_20": 0.047994,
        "mrr_at_100": 0.049618,
        "mrr_at_1000": 0.049978,
        "nauc_ndcg_at_1_max": 0.490124,
        "nauc_ndcg_at_1_std": -0.201642,
        "nauc_ndcg_at_1_diff1": 0.354492,
        "nauc_ndcg_at_3_max": 0.341468,
        "nauc_ndcg_at_3_std": -0.180696,
        "nauc_ndcg_at_3_diff1": 0.247533,
        "nauc_ndcg_at_5_max": 0.332813,
        "nauc_ndcg_at_5_std": -0.181796,
        "nauc_ndcg_at_5_diff1": 0.244788,
        "nauc_ndcg_at_10_max": 0.339133,
        "nauc_ndcg_at_10_std": -0.175946,
        "nauc_ndcg_at_10_diff1": 0.220006,
        "nauc_ndcg_at_20_max": 0.336757,
        "nauc_ndcg_at_20_std": -0.172837,
        "nauc_ndcg_at_20_diff1": 0.193959,
        "nauc_ndcg_at_100_max": 0.323665,
        "nauc_ndcg_at_100_std": -0.16947,
        "nauc_ndcg_at_100_diff1": 0.149418,
        "nauc_ndcg_at_1000_max": 0.321216,
        "nauc_ndcg_at_1000_std": -0.152709,
        "nauc_ndcg_at_1000_diff1": 0.139068,
        "nauc_map_at_1_max": 0.537834,
        "nauc_map_at_1_std": -0.220833,
        "nauc_map_at_1_diff1": 0.354565,
        "nauc_map_at_3_max": 0.387657,
        "nauc_map_at_3_std": -0.205151,
        "nauc_map_at_3_diff1": 0.261048,
        "nauc_map_at_5_max": 0.379244,
        "nauc_map_at_5_std": -0.200537,
        "nauc_map_at_5_diff1": 0.260475,
        "nauc_map_at_10_max": 0.382689,
        "nauc_map_at_10_std": -0.193911,
        "nauc_map_at_10_diff1": 0.250515,
        "nauc_map_at_20_max": 0.381992,
        "nauc_map_at_20_std": -0.192567,
        "nauc_map_at_20_diff1": 0.241983,
        "nauc_map_at_100_max": 0.376695,
        "nauc_map_at_100_std": -0.189026,
        "nauc_map_at_100_diff1": 0.232883,
        "nauc_map_at_1000_max": 0.375827,
        "nauc_map_at_1000_std": -0.187043,
        "nauc_map_at_1000_diff1": 0.231285,
        "nauc_recall_at_1_max": 0.537834,
        "nauc_recall_at_1_std": -0.220833,
        "nauc_recall_at_1_diff1": 0.354565,
        "nauc_recall_at_3_max": 0.302538,
        "nauc_recall_at_3_std": -0.206143,
        "nauc_recall_at_3_diff1": 0.197717,
        "nauc_recall_at_5_max": 0.276642,
        "nauc_recall_at_5_std": -0.18939,
        "nauc_recall_at_5_diff1": 0.198821,
        "nauc_recall_at_10_max": 0.302486,
        "nauc_recall_at_10_std": -0.164727,
        "nauc_recall_at_10_diff1": 0.160578,
        "nauc_recall_at_20_max": 0.300886,
        "nauc_recall_at_20_std": -0.162107,
        "nauc_recall_at_20_diff1": 0.109298,
        "nauc_recall_at_100_max": 0.244877,
        "nauc_recall_at_100_std": -0.130285,
        "nauc_recall_at_100_diff1": 0.015604,
        "nauc_recall_at_1000_max": 0.245179,
        "nauc_recall_at_1000_std": -0.100141,
        "nauc_recall_at_1000_diff1": 0.005493,
        "nauc_precision_at_1_max": 0.490124,
        "nauc_precision_at_1_std": -0.201642,
        "nauc_precision_at_1_diff1": 0.354492,
        "nauc_precision_at_3_max": 0.293471,
        "nauc_precision_at_3_std": -0.157943,
        "nauc_precision_at_3_diff1": 0.245499,
        "nauc_precision_at_5_max": 0.27849,
        "nauc_precision_at_5_std": -0.153015,
        "nauc_precision_at_5_diff1": 0.227986,
        "nauc_precision_at_10_max": 0.299165,
        "nauc_precision_at_10_std": -0.149996,
        "nauc_precision_at_10_diff1": 0.17598,
        "nauc_precision_at_20_max": 0.275904,
        "nauc_precision_at_20_std": -0.107977,
        "nauc_precision_at_20_diff1": 0.138678,
        "nauc_precision_at_100_max": 0.17812,
        "nauc_precision_at_100_std": -0.044114,
        "nauc_precision_at_100_diff1": 0.069189,
        "nauc_precision_at_1000_max": 0.127104,
        "nauc_precision_at_1000_std": 0.057627,
        "nauc_precision_at_1000_diff1": 0.070353,
        "nauc_mrr_at_1_max": 0.490124,
        "nauc_mrr_at_1_std": -0.201642,
        "nauc_mrr_at_1_diff1": 0.354492,
        "nauc_mrr_at_3_max": 0.359016,
        "nauc_mrr_at_3_std": -0.177594,
        "nauc_mrr_at_3_diff1": 0.287638,
        "nauc_mrr_at_5_max": 0.344733,
        "nauc_mrr_at_5_std": -0.174589,
        "nauc_mrr_at_5_diff1": 0.274775,
        "nauc_mrr_at_10_max": 0.345558,
        "nauc_mrr_at_10_std": -0.172332,
        "nauc_mrr_at_10_diff1": 0.264599,
        "nauc_mrr_at_20_max": 0.346043,
        "nauc_mrr_at_20_std": -0.171771,
        "nauc_mrr_at_20_diff1": 0.254738,
        "nauc_mrr_at_100_max": 0.344619,
        "nauc_mrr_at_100_std": -0.172126,
        "nauc_mrr_at_100_diff1": 0.245876,
        "nauc_mrr_at_1000_max": 0.345287,
        "nauc_mrr_at_1000_std": -0.171286,
        "nauc_mrr_at_1000_diff1": 0.24532,
        "main_score": 0.04512,
        "hf_subset": "default",
        "languages": [
          "eng-Latn"
        ]
      }
    ]
  },
  "evaluation_time": 3107.6193754673004,
  "kg_co2_emissions": null
}