{
  "dataset_revision": "6c6430d3a6d36f8d2a829195bc5dc94d7e063e53",
  "task_name": "CQADupstackUnixRetrieval",
  "mteb_version": "1.36.15",
  "scores": {
    "test": [
      {
        "ndcg_at_1": 0.03451,
        "ndcg_at_3": 0.04082,
        "ndcg_at_5": 0.04334,
        "ndcg_at_10": 0.04685,
        "ndcg_at_20": 0.05071,
        "ndcg_at_100": 0.05782,
        "ndcg_at_1000": 0.06741,
        "map_at_1": 0.02659,
        "map_at_3": 0.0346,
        "map_at_5": 0.03615,
        "map_at_10": 0.03777,
        "map_at_20": 0.03886,
        "map_at_100": 0.03984,
        "map_at_1000": 0.04013,
        "recall_at_1": 0.02659,
        "recall_at_3": 0.04567,
        "recall_at_5": 0.05277,
        "recall_at_10": 0.06401,
        "recall_at_20": 0.0781,
        "recall_at_100": 0.11333,
        "recall_at_1000": 0.18661,
        "precision_at_1": 0.03451,
        "precision_at_3": 0.02083,
        "precision_at_5": 0.01493,
        "precision_at_10": 0.00914,
        "precision_at_20": 0.00564,
        "precision_at_100": 0.00165,
        "precision_at_1000": 0.00028,
        "mrr_at_1": 0.034515,
        "mrr_at_3": 0.044465,
        "mrr_at_5": 0.046984,
        "mrr_at_10": 0.048686,
        "mrr_at_20": 0.049933,
        "mrr_at_100": 0.051069,
        "mrr_at_1000": 0.051375,
        "nauc_ndcg_at_1_max": 0.542076,
        "nauc_ndcg_at_1_std": 0.013724,
        "nauc_ndcg_at_1_diff1": 0.473531,
        "nauc_ndcg_at_3_max": 0.47533,
        "nauc_ndcg_at_3_std": 0.000539,
        "nauc_ndcg_at_3_diff1": 0.340388,
        "nauc_ndcg_at_5_max": 0.482558,
        "nauc_ndcg_at_5_std": -0.001422,
        "nauc_ndcg_at_5_diff1": 0.349589,
        "nauc_ndcg_at_10_max": 0.473825,
        "nauc_ndcg_at_10_std": 0.009649,
        "nauc_ndcg_at_10_diff1": 0.318066,
        "nauc_ndcg_at_20_max": 0.467341,
        "nauc_ndcg_at_20_std": 0.003067,
        "nauc_ndcg_at_20_diff1": 0.298924,
        "nauc_ndcg_at_100_max": 0.478346,
        "nauc_ndcg_at_100_std": 0.015696,
        "nauc_ndcg_at_100_diff1": 0.293582,
        "nauc_ndcg_at_1000_max": 0.469196,
        "nauc_ndcg_at_1000_std": 0.014763,
        "nauc_ndcg_at_1000_diff1": 0.274083,
        "nauc_map_at_1_max": 0.526383,
        "nauc_map_at_1_std": 0.012318,
        "nauc_map_at_1_diff1": 0.45547,
        "nauc_map_at_3_max": 0.481602,
        "nauc_map_at_3_std": -0.002569,
        "nauc_map_at_3_diff1": 0.360156,
        "nauc_map_at_5_max": 0.486572,
        "nauc_map_at_5_std": -0.000668,
        "nauc_map_at_5_diff1": 0.365794,
        "nauc_map_at_10_max": 0.483118,
        "nauc_map_at_10_std": 0.007168,
        "nauc_map_at_10_diff1": 0.351274,
        "nauc_map_at_20_max": 0.479951,
        "nauc_map_at_20_std": 0.004267,
        "nauc_map_at_20_diff1": 0.343956,
        "nauc_map_at_100_max": 0.483726,
        "nauc_map_at_100_std": 0.00749,
        "nauc_map_at_100_diff1": 0.343037,
        "nauc_map_at_1000_max": 0.48338,
        "nauc_map_at_1000_std": 0.007502,
        "nauc_map_at_1000_diff1": 0.341734,
        "nauc_recall_at_1_max": 0.526383,
        "nauc_recall_at_1_std": 0.012318,
        "nauc_recall_at_1_diff1": 0.45547,
        "nauc_recall_at_3_max": 0.438355,
        "nauc_recall_at_3_std": -0.022915,
        "nauc_recall_at_3_diff1": 0.27444,
        "nauc_recall_at_5_max": 0.457488,
        "nauc_recall_at_5_std": -0.013222,
        "nauc_recall_at_5_diff1": 0.304576,
        "nauc_recall_at_10_max": 0.445469,
        "nauc_recall_at_10_std": 0.017699,
        "nauc_recall_at_10_diff1": 0.247399,
        "nauc_recall_at_20_max": 0.434299,
        "nauc_recall_at_20_std": -0.000642,
        "nauc_recall_at_20_diff1": 0.215156,
        "nauc_recall_at_100_max": 0.448759,
        "nauc_recall_at_100_std": 0.030318,
        "nauc_recall_at_100_diff1": 0.211416,
        "nauc_recall_at_1000_max": 0.422713,
        "nauc_recall_at_1000_std": 0.024439,
        "nauc_recall_at_1000_diff1": 0.17474,
        "nauc_precision_at_1_max": 0.542076,
        "nauc_precision_at_1_std": 0.013724,
        "nauc_precision_at_1_diff1": 0.473531,
        "nauc_precision_at_3_max": 0.458954,
        "nauc_precision_at_3_std": -0.005475,
        "nauc_precision_at_3_diff1": 0.29844,
        "nauc_precision_at_5_max": 0.488383,
        "nauc_precision_at_5_std": 0.000148,
        "nauc_precision_at_5_diff1": 0.321759,
        "nauc_precision_at_10_max": 0.475143,
        "nauc_precision_at_10_std": 0.034516,
        "nauc_precision_at_10_diff1": 0.275052,
        "nauc_precision_at_20_max": 0.456943,
        "nauc_precision_at_20_std": 0.018726,
        "nauc_precision_at_20_diff1": 0.237946,
        "nauc_precision_at_100_max": 0.476218,
        "nauc_precision_at_100_std": 0.035773,
        "nauc_precision_at_100_diff1": 0.235204,
        "nauc_precision_at_1000_max": 0.429793,
        "nauc_precision_at_1000_std": 0.021287,
        "nauc_precision_at_1000_diff1": 0.188177,
        "nauc_mrr_at_1_max": 0.542076,
        "nauc_mrr_at_1_std": 0.013724,
        "nauc_mrr_at_1_diff1": 0.473531,
        "nauc_mrr_at_3_max": 0.490981,
        "nauc_mrr_at_3_std": -0.002284,
        "nauc_mrr_at_3_diff1": 0.370681,
        "nauc_mrr_at_5_max": 0.499687,
        "nauc_mrr_at_5_std": 0.001113,
        "nauc_mrr_at_5_diff1": 0.374738,
        "nauc_mrr_at_10_max": 0.497402,
        "nauc_mrr_at_10_std": 0.00742,
        "nauc_mrr_at_10_diff1": 0.358598,
        "nauc_mrr_at_20_max": 0.494175,
        "nauc_mrr_at_20_std": 0.005651,
        "nauc_mrr_at_20_diff1": 0.349409,
        "nauc_mrr_at_100_max": 0.495923,
        "nauc_mrr_at_100_std": 0.008653,
        "nauc_mrr_at_100_diff1": 0.347799,
        "nauc_mrr_at_1000_max": 0.495613,
        "nauc_mrr_at_1000_std": 0.008486,
        "nauc_mrr_at_1000_diff1": 0.34648,
        "main_score": 0.04685,
        "hf_subset": "default",
        "languages": [
          "eng-Latn"
        ]
      }
    ]
  },
  "evaluation_time": 8477.8030834198,
  "kg_co2_emissions": null
}