{
  "dataset_revision": "5003b3064772da1887988e05400cf3806fe491f2",
  "task_name": "CQADupstackGisRetrieval",
  "mteb_version": "1.36.15",
  "scores": {
    "test": [
      {
        "ndcg_at_1": 0.05424,
        "ndcg_at_3": 0.07118,
        "ndcg_at_5": 0.08374,
        "ndcg_at_10": 0.09315,
        "ndcg_at_20": 0.10243,
        "ndcg_at_100": 0.12639,
        "ndcg_at_1000": 0.15689,
        "map_at_1": 0.04991,
        "map_at_3": 0.0646,
        "map_at_5": 0.07169,
        "map_at_10": 0.07558,
        "map_at_20": 0.07809,
        "map_at_100": 0.08125,
        "map_at_1000": 0.08227,
        "recall_at_1": 0.04991,
        "recall_at_3": 0.08316,
        "recall_at_5": 0.1131,
        "recall_at_10": 0.14088,
        "recall_at_20": 0.17593,
        "recall_at_100": 0.3015,
        "recall_at_1000": 0.53888,
        "precision_at_1": 0.05424,
        "precision_at_3": 0.03126,
        "precision_at_5": 0.02554,
        "precision_at_10": 0.01616,
        "precision_at_20": 0.01023,
        "precision_at_100": 0.00362,
        "precision_at_1000": 0.00066,
        "mrr_at_1": 0.054237,
        "mrr_at_3": 0.071186,
        "mrr_at_5": 0.078814,
        "mrr_at_10": 0.083004,
        "mrr_at_20": 0.085911,
        "mrr_at_100": 0.08921,
        "mrr_at_1000": 0.090183,
        "nauc_ndcg_at_1_max": 0.096082,
        "nauc_ndcg_at_1_std": -0.045156,
        "nauc_ndcg_at_1_diff1": 0.423985,
        "nauc_ndcg_at_3_max": 0.101287,
        "nauc_ndcg_at_3_std": -0.024313,
        "nauc_ndcg_at_3_diff1": 0.295086,
        "nauc_ndcg_at_5_max": 0.071895,
        "nauc_ndcg_at_5_std": -0.003876,
        "nauc_ndcg_at_5_diff1": 0.262227,
        "nauc_ndcg_at_10_max": 0.081107,
        "nauc_ndcg_at_10_std": 0.007401,
        "nauc_ndcg_at_10_diff1": 0.226344,
        "nauc_ndcg_at_20_max": 0.072103,
        "nauc_ndcg_at_20_std": -0.003677,
        "nauc_ndcg_at_20_diff1": 0.201661,
        "nauc_ndcg_at_100_max": 0.063038,
        "nauc_ndcg_at_100_std": 0.01385,
        "nauc_ndcg_at_100_diff1": 0.193726,
        "nauc_ndcg_at_1000_max": 0.0629,
        "nauc_ndcg_at_1000_std": 0.034521,
        "nauc_ndcg_at_1000_diff1": 0.194571,
        "nauc_map_at_1_max": 0.085768,
        "nauc_map_at_1_std": -0.053596,
        "nauc_map_at_1_diff1": 0.427252,
        "nauc_map_at_3_max": 0.096373,
        "nauc_map_at_3_std": -0.031508,
        "nauc_map_at_3_diff1": 0.324358,
        "nauc_map_at_5_max": 0.078991,
        "nauc_map_at_5_std": -0.019182,
        "nauc_map_at_5_diff1": 0.301433,
        "nauc_map_at_10_max": 0.084366,
        "nauc_map_at_10_std": -0.013889,
        "nauc_map_at_10_diff1": 0.282534,
        "nauc_map_at_20_max": 0.081216,
        "nauc_map_at_20_std": -0.016681,
        "nauc_map_at_20_diff1": 0.272607,
        "nauc_map_at_100_max": 0.080652,
        "nauc_map_at_100_std": -0.01224,
        "nauc_map_at_100_diff1": 0.270787,
        "nauc_map_at_1000_max": 0.080841,
        "nauc_map_at_1000_std": -0.011487,
        "nauc_map_at_1000_diff1": 0.270659,
        "nauc_recall_at_1_max": 0.085768,
        "nauc_recall_at_1_std": -0.053596,
        "nauc_recall_at_1_diff1": 0.427252,
        "nauc_recall_at_3_max": 0.093533,
        "nauc_recall_at_3_std": -0.013516,
        "nauc_recall_at_3_diff1": 0.250321,
        "nauc_recall_at_5_max": 0.040433,
        "nauc_recall_at_5_std": 0.024141,
        "nauc_recall_at_5_diff1": 0.192863,
        "nauc_recall_at_10_max": 0.059644,
        "nauc_recall_at_10_std": 0.045592,
        "nauc_recall_at_10_diff1": 0.131622,
        "nauc_recall_at_20_max": 0.041058,
        "nauc_recall_at_20_std": 0.010698,
        "nauc_recall_at_20_diff1": 0.088435,
        "nauc_recall_at_100_max": 0.013655,
        "nauc_recall_at_100_std": 0.042559,
        "nauc_recall_at_100_diff1": 0.085334,
        "nauc_recall_at_1000_max": -0.001242,
        "nauc_recall_at_1000_std": 0.128164,
        "nauc_recall_at_1000_diff1": 0.089255,
        "nauc_precision_at_1_max": 0.096082,
        "nauc_precision_at_1_std": -0.045156,
        "nauc_precision_at_1_diff1": 0.423985,
        "nauc_precision_at_3_max": 0.120133,
        "nauc_precision_at_3_std": -0.01161,
        "nauc_precision_at_3_diff1": 0.216298,
        "nauc_precision_at_5_max": 0.078455,
        "nauc_precision_at_5_std": 0.018334,
        "nauc_precision_at_5_diff1": 0.176699,
        "nauc_precision_at_10_max": 0.101308,
        "nauc_precision_at_10_std": 0.03862,
        "nauc_precision_at_10_diff1": 0.107603,
        "nauc_precision_at_20_max": 0.081916,
        "nauc_precision_at_20_std": 0.009055,
        "nauc_precision_at_20_diff1": 0.072821,
        "nauc_precision_at_100_max": 0.06606,
        "nauc_precision_at_100_std": 0.079288,
        "nauc_precision_at_100_diff1": 0.084611,
        "nauc_precision_at_1000_max": 0.096158,
        "nauc_precision_at_1000_std": 0.164353,
        "nauc_precision_at_1000_diff1": 0.06622,
        "nauc_mrr_at_1_max": 0.096082,
        "nauc_mrr_at_1_std": -0.045156,
        "nauc_mrr_at_1_diff1": 0.423985,
        "nauc_mrr_at_3_max": 0.112923,
        "nauc_mrr_at_3_std": -0.022217,
        "nauc_mrr_at_3_diff1": 0.308026,
        "nauc_mrr_at_5_max": 0.097064,
        "nauc_mrr_at_5_std": -0.012167,
        "nauc_mrr_at_5_diff1": 0.284848,
        "nauc_mrr_at_10_max": 0.102527,
        "nauc_mrr_at_10_std": -0.005976,
        "nauc_mrr_at_10_diff1": 0.265012,
        "nauc_mrr_at_20_max": 0.098444,
        "nauc_mrr_at_20_std": -0.008903,
        "nauc_mrr_at_20_diff1": 0.254811,
        "nauc_mrr_at_100_max": 0.097501,
        "nauc_mrr_at_100_std": -0.004899,
        "nauc_mrr_at_100_diff1": 0.252482,
        "nauc_mrr_at_1000_max": 0.097329,
        "nauc_mrr_at_1000_std": -0.004445,
        "nauc_mrr_at_1000_diff1": 0.25264,
        "main_score": 0.09315,
        "hf_subset": "default",
        "languages": [
          "eng-Latn"
        ]
      }
    ]
  },
  "evaluation_time": 10039.518609046936,
  "kg_co2_emissions": null
}