{
  "dataset_revision": "65ac3a16b8e91f9cee4c9828cc7c335575432a2a",
  "task_name": "CQADupstackStatsRetrieval",
  "mteb_version": "1.36.15",
  "scores": {
    "test": [
      {
        "ndcg_at_1": 0.05368,
        "ndcg_at_3": 0.06518,
        "ndcg_at_5": 0.07091,
        "ndcg_at_10": 0.08171,
        "ndcg_at_20": 0.0924,
        "ndcg_at_100": 0.11303,
        "ndcg_at_1000": 0.14248,
        "map_at_1": 0.04224,
        "map_at_3": 0.05574,
        "map_at_5": 0.05943,
        "map_at_10": 0.064,
        "map_at_20": 0.06694,
        "map_at_100": 0.0695,
        "map_at_1000": 0.07047,
        "recall_at_1": 0.04224,
        "recall_at_3": 0.07414,
        "recall_at_5": 0.08916,
        "recall_at_10": 0.12168,
        "recall_at_20": 0.16157,
        "recall_at_100": 0.2707,
        "recall_at_1000": 0.49786,
        "precision_at_1": 0.05368,
        "precision_at_3": 0.03272,
        "precision_at_5": 0.02393,
        "precision_at_10": 0.0161,
        "precision_at_20": 0.01081,
        "precision_at_100": 0.00359,
        "precision_at_1000": 0.00068,
        "mrr_at_1": 0.053681,
        "mrr_at_3": 0.071575,
        "mrr_at_5": 0.075102,
        "mrr_at_10": 0.080325,
        "mrr_at_20": 0.083239,
        "mrr_at_100": 0.086013,
        "mrr_at_1000": 0.086833,
        "nauc_ndcg_at_1_max": 0.331078,
        "nauc_ndcg_at_1_std": 0.044406,
        "nauc_ndcg_at_1_diff1": 0.318454,
        "nauc_ndcg_at_3_max": 0.261994,
        "nauc_ndcg_at_3_std": 0.055484,
        "nauc_ndcg_at_3_diff1": 0.272637,
        "nauc_ndcg_at_5_max": 0.264278,
        "nauc_ndcg_at_5_std": 0.043177,
        "nauc_ndcg_at_5_diff1": 0.261278,
        "nauc_ndcg_at_10_max": 0.253712,
        "nauc_ndcg_at_10_std": 0.037342,
        "nauc_ndcg_at_10_diff1": 0.235161,
        "nauc_ndcg_at_20_max": 0.227302,
        "nauc_ndcg_at_20_std": 0.050183,
        "nauc_ndcg_at_20_diff1": 0.214791,
        "nauc_ndcg_at_100_max": 0.195032,
        "nauc_ndcg_at_100_std": 0.085285,
        "nauc_ndcg_at_100_diff1": 0.197825,
        "nauc_ndcg_at_1000_max": 0.184752,
        "nauc_ndcg_at_1000_std": 0.102251,
        "nauc_ndcg_at_1000_diff1": 0.200845,
        "nauc_map_at_1_max": 0.296964,
        "nauc_map_at_1_std": 0.002901,
        "nauc_map_at_1_diff1": 0.357936,
        "nauc_map_at_3_max": 0.263633,
        "nauc_map_at_3_std": 0.034006,
        "nauc_map_at_3_diff1": 0.29464,
        "nauc_map_at_5_max": 0.266963,
        "nauc_map_at_5_std": 0.032288,
        "nauc_map_at_5_diff1": 0.287489,
        "nauc_map_at_10_max": 0.25831,
        "nauc_map_at_10_std": 0.030127,
        "nauc_map_at_10_diff1": 0.271633,
        "nauc_map_at_20_max": 0.248515,
        "nauc_map_at_20_std": 0.036481,
        "nauc_map_at_20_diff1": 0.26336,
        "nauc_map_at_100_max": 0.242184,
        "nauc_map_at_100_std": 0.043555,
        "nauc_map_at_100_diff1": 0.258621,
        "nauc_map_at_1000_max": 0.242275,
        "nauc_map_at_1000_std": 0.044786,
        "nauc_map_at_1000_diff1": 0.259158,
        "nauc_recall_at_1_max": 0.296964,
        "nauc_recall_at_1_std": 0.002901,
        "nauc_recall_at_1_diff1": 0.357936,
        "nauc_recall_at_3_max": 0.231176,
        "nauc_recall_at_3_std": 0.05249,
        "nauc_recall_at_3_diff1": 0.240483,
        "nauc_recall_at_5_max": 0.227775,
        "nauc_recall_at_5_std": 0.033345,
        "nauc_recall_at_5_diff1": 0.212754,
        "nauc_recall_at_10_max": 0.203069,
        "nauc_recall_at_10_std": 0.029047,
        "nauc_recall_at_10_diff1": 0.16129,
        "nauc_recall_at_20_max": 0.152556,
        "nauc_recall_at_20_std": 0.055967,
        "nauc_recall_at_20_diff1": 0.127174,
        "nauc_recall_at_100_max": 0.083443,
        "nauc_recall_at_100_std": 0.132302,
        "nauc_recall_at_100_diff1": 0.10023,
        "nauc_recall_at_1000_max": 0.026447,
        "nauc_recall_at_1000_std": 0.180696,
        "nauc_recall_at_1000_diff1": 0.100714,
        "nauc_precision_at_1_max": 0.331078,
        "nauc_precision_at_1_std": 0.044406,
        "nauc_precision_at_1_diff1": 0.318454,
        "nauc_precision_at_3_max": 0.266938,
        "nauc_precision_at_3_std": 0.101919,
        "nauc_precision_at_3_diff1": 0.2385,
        "nauc_precision_at_5_max": 0.284036,
        "nauc_precision_at_5_std": 0.096157,
        "nauc_precision_at_5_diff1": 0.232172,
        "nauc_precision_at_10_max": 0.281057,
        "nauc_precision_at_10_std": 0.073958,
        "nauc_precision_at_10_diff1": 0.181911,
        "nauc_precision_at_20_max": 0.22198,
        "nauc_precision_at_20_std": 0.090718,
        "nauc_precision_at_20_diff1": 0.148462,
        "nauc_precision_at_100_max": 0.136814,
        "nauc_precision_at_100_std": 0.1907,
        "nauc_precision_at_100_diff1": 0.127289,
        "nauc_precision_at_1000_max": 0.130062,
        "nauc_precision_at_1000_std": 0.238264,
        "nauc_precision_at_1000_diff1": 0.136866,
        "nauc_mrr_at_1_max": 0.331078,
        "nauc_mrr_at_1_std": 0.044406,
        "nauc_mrr_at_1_diff1": 0.318454,
        "nauc_mrr_at_3_max": 0.302267,
        "nauc_mrr_at_3_std": 0.070899,
        "nauc_mrr_at_3_diff1": 0.282184,
        "nauc_mrr_at_5_max": 0.296019,
        "nauc_mrr_at_5_std": 0.065187,
        "nauc_mrr_at_5_diff1": 0.27286,
        "nauc_mrr_at_10_max": 0.29751,
        "nauc_mrr_at_10_std": 0.058306,
        "nauc_mrr_at_10_diff1": 0.261051,
        "nauc_mrr_at_20_max": 0.288682,
        "nauc_mrr_at_20_std": 0.061438,
        "nauc_mrr_at_20_diff1": 0.253989,
        "nauc_mrr_at_100_max": 0.281097,
        "nauc_mrr_at_100_std": 0.068267,
        "nauc_mrr_at_100_diff1": 0.250202,
        "nauc_mrr_at_1000_max": 0.280916,
        "nauc_mrr_at_1000_std": 0.068505,
        "nauc_mrr_at_1000_diff1": 0.250355,
        "main_score": 0.08171,
        "hf_subset": "default",
        "languages": [
          "eng-Latn"
        ]
      }
    ]
  },
  "evaluation_time": 11275.064023017883,
  "kg_co2_emissions": null
}