{
  "dataset_revision": "e4e08e0b7dbe3c8700f0daef558ff32256715259",
  "task_name": "QuoraRetrieval",
  "mteb_version": "1.36.15",
  "scores": {
    "test": [
      {
        "ndcg_at_1": 0.6787,
        "ndcg_at_3": 0.72445,
        "ndcg_at_5": 0.74713,
        "ndcg_at_10": 0.76589,
        "ndcg_at_20": 0.77793,
        "ndcg_at_100": 0.79135,
        "ndcg_at_1000": 0.7963,
        "map_at_1": 0.58879,
        "map_at_3": 0.68427,
        "map_at_5": 0.70422,
        "map_at_10": 0.71631,
        "map_at_20": 0.72151,
        "map_at_100": 0.72491,
        "map_at_1000": 0.72529,
        "recall_at_1": 0.58879,
        "recall_at_3": 0.75119,
        "recall_at_5": 0.81092,
        "recall_at_10": 0.8657,
        "recall_at_20": 0.90715,
        "recall_at_100": 0.96439,
        "recall_at_1000": 0.99426,
        "precision_at_1": 0.6787,
        "precision_at_3": 0.31543,
        "precision_at_5": 0.21162,
        "precision_at_10": 0.11789,
        "precision_at_20": 0.06399,
        "precision_at_100": 0.01445,
        "precision_at_1000": 0.00154,
        "mrr_at_1": 0.6788,
        "mrr_at_3": 0.74085,
        "mrr_at_5": 0.75216,
        "mrr_at_10": 0.757817,
        "mrr_at_20": 0.760084,
        "mrr_at_100": 0.761171,
        "mrr_at_1000": 0.761264,
        "nauc_ndcg_at_1_max": 0.299593,
        "nauc_ndcg_at_1_std": -0.201525,
        "nauc_ndcg_at_1_diff1": 0.722495,
        "nauc_ndcg_at_3_max": 0.253255,
        "nauc_ndcg_at_3_std": -0.254182,
        "nauc_ndcg_at_3_diff1": 0.686785,
        "nauc_ndcg_at_5_max": 0.244284,
        "nauc_ndcg_at_5_std": -0.261178,
        "nauc_ndcg_at_5_diff1": 0.689953,
        "nauc_ndcg_at_10_max": 0.244059,
        "nauc_ndcg_at_10_std": -0.25448,
        "nauc_ndcg_at_10_diff1": 0.690665,
        "nauc_ndcg_at_20_max": 0.249788,
        "nauc_ndcg_at_20_std": -0.247041,
        "nauc_ndcg_at_20_diff1": 0.693543,
        "nauc_ndcg_at_100_max": 0.260159,
        "nauc_ndcg_at_100_std": -0.232879,
        "nauc_ndcg_at_100_diff1": 0.69536,
        "nauc_ndcg_at_1000_max": 0.263762,
        "nauc_ndcg_at_1000_std": -0.232962,
        "nauc_ndcg_at_1000_diff1": 0.695222,
        "nauc_map_at_1_max": 0.225267,
        "nauc_map_at_1_std": -0.245738,
        "nauc_map_at_1_diff1": 0.720984,
        "nauc_map_at_3_max": 0.239161,
        "nauc_map_at_3_std": -0.272662,
        "nauc_map_at_3_diff1": 0.699088,
        "nauc_map_at_5_max": 0.2398,
        "nauc_map_at_5_std": -0.271638,
        "nauc_map_at_5_diff1": 0.698948,
        "nauc_map_at_10_max": 0.243332,
        "nauc_map_at_10_std": -0.264767,
        "nauc_map_at_10_diff1": 0.698597,
        "nauc_map_at_20_max": 0.246884,
        "nauc_map_at_20_std": -0.259574,
        "nauc_map_at_20_diff1": 0.698672,
        "nauc_map_at_100_max": 0.249813,
        "nauc_map_at_100_std": -0.254138,
        "nauc_map_at_100_diff1": 0.698396,
        "nauc_map_at_1000_max": 0.250166,
        "nauc_map_at_1000_std": -0.253835,
        "nauc_map_at_1000_diff1": 0.698322,
        "nauc_recall_at_1_max": 0.225267,
        "nauc_recall_at_1_std": -0.245738,
        "nauc_recall_at_1_diff1": 0.720984,
        "nauc_recall_at_3_max": 0.201383,
        "nauc_recall_at_3_std": -0.301883,
        "nauc_recall_at_3_diff1": 0.649948,
        "nauc_recall_at_5_max": 0.172414,
        "nauc_recall_at_5_std": -0.314395,
        "nauc_recall_at_5_diff1": 0.636687,
        "nauc_recall_at_10_max": 0.150336,
        "nauc_recall_at_10_std": -0.299563,
        "nauc_recall_at_10_diff1": 0.624945,
        "nauc_recall_at_20_max": 0.146379,
        "nauc_recall_at_20_std": -0.273951,
        "nauc_recall_at_20_diff1": 0.621265,
        "nauc_recall_at_100_max": 0.184235,
        "nauc_recall_at_100_std": -0.105604,
        "nauc_recall_at_100_diff1": 0.632822,
        "nauc_recall_at_1000_max": 0.305309,
        "nauc_recall_at_1000_std": 0.17712,
        "nauc_recall_at_1000_diff1": 0.638052,
        "nauc_precision_at_1_max": 0.299593,
        "nauc_precision_at_1_std": -0.201525,
        "nauc_precision_at_1_diff1": 0.722495,
        "nauc_precision_at_3_max": 0.159888,
        "nauc_precision_at_3_std": -0.050539,
        "nauc_precision_at_3_diff1": 0.167388,
        "nauc_precision_at_5_max": 0.108027,
        "nauc_precision_at_5_std": 0.022776,
        "nauc_precision_at_5_diff1": 0.015506,
        "nauc_precision_at_10_max": 0.074592,
        "nauc_precision_at_10_std": 0.116049,
        "nauc_precision_at_10_diff1": -0.118456,
        "nauc_precision_at_20_max": 0.064046,
        "nauc_precision_at_20_std": 0.19122,
        "nauc_precision_at_20_diff1": -0.205316,
        "nauc_precision_at_100_max": 0.050855,
        "nauc_precision_at_100_std": 0.285634,
        "nauc_precision_at_100_diff1": -0.30377,
        "nauc_precision_at_1000_max": 0.047497,
        "nauc_precision_at_1000_std": 0.291043,
        "nauc_precision_at_1000_diff1": -0.346132,
        "nauc_mrr_at_1_max": 0.299718,
        "nauc_mrr_at_1_std": -0.201887,
        "nauc_mrr_at_1_diff1": 0.722274,
        "nauc_mrr_at_3_max": 0.289295,
        "nauc_mrr_at_3_std": -0.216446,
        "nauc_mrr_at_3_diff1": 0.701023,
        "nauc_mrr_at_5_max": 0.286783,
        "nauc_mrr_at_5_std": -0.215318,
        "nauc_mrr_at_5_diff1": 0.701562,
        "nauc_mrr_at_10_max": 0.287164,
        "nauc_mrr_at_10_std": -0.212467,
        "nauc_mrr_at_10_diff1": 0.7021,
        "nauc_mrr_at_20_max": 0.287983,
        "nauc_mrr_at_20_std": -0.211866,
        "nauc_mrr_at_20_diff1": 0.702848,
        "nauc_mrr_at_100_max": 0.288356,
        "nauc_mrr_at_100_std": -0.211892,
        "nauc_mrr_at_100_diff1": 0.70323,
        "nauc_mrr_at_1000_max": 0.28836,
        "nauc_mrr_at_1000_std": -0.211937,
        "nauc_mrr_at_1000_diff1": 0.703249,
        "main_score": 0.76589,
        "hf_subset": "default",
        "languages": [
          "eng-Latn"
        ]
      }
    ]
  },
  "evaluation_time": 6177.075834989548,
  "kg_co2_emissions": null
}