{
  "dataset_revision": "c22ab2a51041ffd869aaddef7af8d8215647e41a",
  "task_name": "ArguAna",
  "mteb_version": "1.36.15",
  "scores": {
    "test": [
      {
        "ndcg_at_1": 0.14083,
        "ndcg_at_3": 0.23997,
        "ndcg_at_5": 0.27125,
        "ndcg_at_10": 0.30209,
        "ndcg_at_20": 0.32431,
        "ndcg_at_100": 0.35316,
        "ndcg_at_1000": 0.37145,
        "map_at_1": 0.14083,
        "map_at_3": 0.2155,
        "map_at_5": 0.23282,
        "map_at_10": 0.24556,
        "map_at_20": 0.25162,
        "map_at_100": 0.25572,
        "map_at_1000": 0.25634,
        "recall_at_1": 0.14083,
        "recall_at_3": 0.31081,
        "recall_at_5": 0.38691,
        "recall_at_10": 0.48222,
        "recall_at_20": 0.57041,
        "recall_at_100": 0.72475,
        "recall_at_1000": 0.87198,
        "precision_at_1": 0.14083,
        "precision_at_3": 0.1036,
        "precision_at_5": 0.07738,
        "precision_at_10": 0.04822,
        "precision_at_20": 0.02852,
        "precision_at_100": 0.00725,
        "precision_at_1000": 0.00087,
        "mrr_at_1": 0.144381,
        "mrr_at_3": 0.216453,
        "mrr_at_5": 0.234163,
        "mrr_at_10": 0.246883,
        "mrr_at_20": 0.252975,
        "mrr_at_100": 0.257039,
        "mrr_at_1000": 0.257665,
        "nauc_ndcg_at_1_max": -0.124455,
        "nauc_ndcg_at_1_std": 0.035772,
        "nauc_ndcg_at_1_diff1": 0.070283,
        "nauc_ndcg_at_3_max": -0.057332,
        "nauc_ndcg_at_3_std": 0.03738,
        "nauc_ndcg_at_3_diff1": 0.071058,
        "nauc_ndcg_at_5_max": -0.061542,
        "nauc_ndcg_at_5_std": 0.033364,
        "nauc_ndcg_at_5_diff1": 0.067455,
        "nauc_ndcg_at_10_max": -0.054461,
        "nauc_ndcg_at_10_std": 0.061605,
        "nauc_ndcg_at_10_diff1": 0.0773,
        "nauc_ndcg_at_20_max": -0.060164,
        "nauc_ndcg_at_20_std": 0.081883,
        "nauc_ndcg_at_20_diff1": 0.074879,
        "nauc_ndcg_at_100_max": -0.054694,
        "nauc_ndcg_at_100_std": 0.102315,
        "nauc_ndcg_at_100_diff1": 0.081307,
        "nauc_ndcg_at_1000_max": -0.054455,
        "nauc_ndcg_at_1000_std": 0.099685,
        "nauc_ndcg_at_1000_diff1": 0.080882,
        "nauc_map_at_1_max": -0.124455,
        "nauc_map_at_1_std": 0.035772,
        "nauc_map_at_1_diff1": 0.070283,
        "nauc_map_at_3_max": -0.071539,
        "nauc_map_at_3_std": 0.036352,
        "nauc_map_at_3_diff1": 0.067744,
        "nauc_map_at_5_max": -0.073999,
        "nauc_map_at_5_std": 0.033777,
        "nauc_map_at_5_diff1": 0.065468,
        "nauc_map_at_10_max": -0.070793,
        "nauc_map_at_10_std": 0.046434,
        "nauc_map_at_10_diff1": 0.070907,
        "nauc_map_at_20_max": -0.072294,
        "nauc_map_at_20_std": 0.052222,
        "nauc_map_at_20_diff1": 0.070127,
        "nauc_map_at_100_max": -0.071622,
        "nauc_map_at_100_std": 0.055609,
        "nauc_map_at_100_diff1": 0.070966,
        "nauc_map_at_1000_max": -0.071504,
        "nauc_map_at_1000_std": 0.055575,
        "nauc_map_at_1000_diff1": 0.071056,
        "nauc_recall_at_1_max": -0.124455,
        "nauc_recall_at_1_std": 0.035772,
        "nauc_recall_at_1_diff1": 0.070283,
        "nauc_recall_at_3_max": -0.023932,
        "nauc_recall_at_3_std": 0.040002,
        "nauc_recall_at_3_diff1": 0.079794,
        "nauc_recall_at_5_max": -0.033358,
        "nauc_recall_at_5_std": 0.032379,
        "nauc_recall_at_5_diff1": 0.072694,
        "nauc_recall_at_10_max": -0.014658,
        "nauc_recall_at_10_std": 0.105667,
        "nauc_recall_at_10_diff1": 0.093926,
        "nauc_recall_at_20_max": -0.033229,
        "nauc_recall_at_20_std": 0.181328,
        "nauc_recall_at_20_diff1": 0.087004,
        "nauc_recall_at_100_max": 0.010357,
        "nauc_recall_at_100_std": 0.329953,
        "nauc_recall_at_100_diff1": 0.131688,
        "nauc_recall_at_1000_max": 0.054803,
        "nauc_recall_at_1000_std": 0.4789,
        "nauc_recall_at_1000_diff1": 0.154679,
        "nauc_precision_at_1_max": -0.124455,
        "nauc_precision_at_1_std": 0.035772,
        "nauc_precision_at_1_diff1": 0.070283,
        "nauc_precision_at_3_max": -0.023932,
        "nauc_precision_at_3_std": 0.040002,
        "nauc_precision_at_3_diff1": 0.079794,
        "nauc_precision_at_5_max": -0.033358,
        "nauc_precision_at_5_std": 0.032379,
        "nauc_precision_at_5_diff1": 0.072694,
        "nauc_precision_at_10_max": -0.014658,
        "nauc_precision_at_10_std": 0.105667,
        "nauc_precision_at_10_diff1": 0.093926,
        "nauc_precision_at_20_max": -0.033229,
        "nauc_precision_at_20_std": 0.181328,
        "nauc_precision_at_20_diff1": 0.087004,
        "nauc_precision_at_100_max": 0.010357,
        "nauc_precision_at_100_std": 0.329953,
        "nauc_precision_at_100_diff1": 0.131688,
        "nauc_precision_at_1000_max": 0.054803,
        "nauc_precision_at_1000_std": 0.4789,
        "nauc_precision_at_1000_diff1": 0.154679,
        "nauc_mrr_at_1_max": -0.117006,
        "nauc_mrr_at_1_std": 0.040181,
        "nauc_mrr_at_1_diff1": 0.053211,
        "nauc_mrr_at_3_max": -0.075776,
        "nauc_mrr_at_3_std": 0.037246,
        "nauc_mrr_at_3_diff1": 0.054255,
        "nauc_mrr_at_5_max": -0.076811,
        "nauc_mrr_at_5_std": 0.033828,
        "nauc_mrr_at_5_diff1": 0.05339,
        "nauc_mrr_at_10_max": -0.073081,
        "nauc_mrr_at_10_std": 0.04668,
        "nauc_mrr_at_10_diff1": 0.059305,
        "nauc_mrr_at_20_max": -0.074665,
        "nauc_mrr_at_20_std": 0.05258,
        "nauc_mrr_at_20_diff1": 0.058318,
        "nauc_mrr_at_100_max": -0.073959,
        "nauc_mrr_at_100_std": 0.055796,
        "nauc_mrr_at_100_diff1": 0.059151,
        "nauc_mrr_at_1000_max": -0.073845,
        "nauc_mrr_at_1000_std": 0.055762,
        "nauc_mrr_at_1000_diff1": 0.059221,
        "main_score": 0.30209,
        "hf_subset": "default",
        "languages": [
          "eng-Latn"
        ]
      }
    ]
  },
  "evaluation_time": 1026.492314338684,
  "kg_co2_emissions": null
}