{
  "dataset_revision": "8b6510b0b1fa4e4c4f879467980e9be563ec1cdf",
  "task_name": "TwitterURLCorpus",
  "mteb_version": "1.36.15",
  "scores": {
    "test": [
      {
        "similarity_accuracy": 0.882505,
        "similarity_accuracy_threshold": 0.659545,
        "similarity_f1": 0.765706,
        "similarity_f1_threshold": 0.631196,
        "similarity_precision": 0.745227,
        "similarity_recall": 0.787342,
        "similarity_ap": 0.847016,
        "cosine_accuracy": 0.882505,
        "cosine_accuracy_threshold": 0.659545,
        "cosine_f1": 0.765706,
        "cosine_f1_threshold": 0.631196,
        "cosine_precision": 0.745227,
        "cosine_recall": 0.787342,
        "cosine_ap": 0.847016,
        "manhattan_accuracy": 0.882738,
        "manhattan_accuracy_threshold": 12.61168,
        "manhattan_f1": 0.765514,
        "manhattan_f1_threshold": 13.285348,
        "manhattan_precision": 0.748693,
        "manhattan_recall": 0.783107,
        "manhattan_ap": 0.846352,
        "euclidean_accuracy": 0.882505,
        "euclidean_accuracy_threshold": 0.825173,
        "euclidean_f1": 0.765706,
        "euclidean_f1_threshold": 0.858841,
        "euclidean_precision": 0.745227,
        "euclidean_recall": 0.787342,
        "euclidean_ap": 0.847016,
        "dot_accuracy": 0.882505,
        "dot_accuracy_threshold": 0.659545,
        "dot_f1": 0.765706,
        "dot_f1_threshold": 0.631196,
        "dot_precision": 0.745227,
        "dot_recall": 0.787342,
        "dot_ap": 0.847016,
        "max_accuracy": 0.882738,
        "max_f1": 0.765706,
        "max_precision": 0.748693,
        "max_recall": 0.787342,
        "max_ap": 0.847016,
        "main_score": 0.847016,
        "hf_subset": "default",
        "languages": [
          "eng-Latn"
        ]
      }
    ]
  },
  "evaluation_time": 14.460983514785767,
  "kg_co2_emissions": null
}