{
  "dataset_revision": "ad9991cb51e31e31e430383c75ffb2885547b5f0",
  "task_name": "CQADupstackEnglishRetrieval",
  "mteb_version": "1.36.15",
  "scores": {
    "test": [
      {
        "ndcg_at_1": 0.09554,
        "ndcg_at_3": 0.10751,
        "ndcg_at_5": 0.11763,
        "ndcg_at_10": 0.13065,
        "ndcg_at_20": 0.14375,
        "ndcg_at_100": 0.17011,
        "ndcg_at_1000": 0.20485,
        "map_at_1": 0.07231,
        "map_at_3": 0.09202,
        "map_at_5": 0.09883,
        "map_at_10": 0.10451,
        "map_at_20": 0.10834,
        "map_at_100": 0.11211,
        "map_at_1000": 0.11347,
        "recall_at_1": 0.07231,
        "recall_at_3": 0.11364,
        "recall_at_5": 0.14123,
        "recall_at_10": 0.17972,
        "recall_at_20": 0.22996,
        "recall_at_100": 0.35897,
        "recall_at_1000": 0.60342,
        "precision_at_1": 0.09554,
        "precision_at_3": 0.05414,
        "precision_at_5": 0.04076,
        "precision_at_10": 0.02758,
        "precision_at_20": 0.0178,
        "precision_at_100": 0.00623,
        "precision_at_1000": 0.00121,
        "mrr_at_1": 0.095541,
        "mrr_at_3": 0.119745,
        "mrr_at_5": 0.127452,
        "mrr_at_10": 0.133974,
        "mrr_at_20": 0.137917,
        "mrr_at_100": 0.141468,
        "mrr_at_1000": 0.142404,
        "nauc_ndcg_at_1_max": 0.054966,
        "nauc_ndcg_at_1_std": -0.029198,
        "nauc_ndcg_at_1_diff1": 0.37802,
        "nauc_ndcg_at_3_max": 0.044438,
        "nauc_ndcg_at_3_std": -0.023133,
        "nauc_ndcg_at_3_diff1": 0.325199,
        "nauc_ndcg_at_5_max": 0.036447,
        "nauc_ndcg_at_5_std": -0.037576,
        "nauc_ndcg_at_5_diff1": 0.295492,
        "nauc_ndcg_at_10_max": 0.032903,
        "nauc_ndcg_at_10_std": -0.038182,
        "nauc_ndcg_at_10_diff1": 0.283454,
        "nauc_ndcg_at_20_max": 0.036211,
        "nauc_ndcg_at_20_std": -0.031253,
        "nauc_ndcg_at_20_diff1": 0.272822,
        "nauc_ndcg_at_100_max": 0.02608,
        "nauc_ndcg_at_100_std": -0.018722,
        "nauc_ndcg_at_100_diff1": 0.258385,
        "nauc_ndcg_at_1000_max": 0.032613,
        "nauc_ndcg_at_1000_std": -0.007789,
        "nauc_ndcg_at_1000_diff1": 0.261517,
        "nauc_map_at_1_max": 0.053096,
        "nauc_map_at_1_std": -0.020032,
        "nauc_map_at_1_diff1": 0.401557,
        "nauc_map_at_3_max": 0.042075,
        "nauc_map_at_3_std": -0.026687,
        "nauc_map_at_3_diff1": 0.342809,
        "nauc_map_at_5_max": 0.03818,
        "nauc_map_at_5_std": -0.034911,
        "nauc_map_at_5_diff1": 0.324198,
        "nauc_map_at_10_max": 0.035247,
        "nauc_map_at_10_std": -0.034418,
        "nauc_map_at_10_diff1": 0.316468,
        "nauc_map_at_20_max": 0.037808,
        "nauc_map_at_20_std": -0.031589,
        "nauc_map_at_20_diff1": 0.312741,
        "nauc_map_at_100_max": 0.0368,
        "nauc_map_at_100_std": -0.029014,
        "nauc_map_at_100_diff1": 0.309233,
        "nauc_map_at_1000_max": 0.037288,
        "nauc_map_at_1000_std": -0.027916,
        "nauc_map_at_1000_diff1": 0.30936,
        "nauc_recall_at_1_max": 0.053096,
        "nauc_recall_at_1_std": -0.020032,
        "nauc_recall_at_1_diff1": 0.401557,
        "nauc_recall_at_3_max": 0.036935,
        "nauc_recall_at_3_std": -0.031999,
        "nauc_recall_at_3_diff1": 0.284496,
        "nauc_recall_at_5_max": 0.019718,
        "nauc_recall_at_5_std": -0.058091,
        "nauc_recall_at_5_diff1": 0.231066,
        "nauc_recall_at_10_max": 0.008621,
        "nauc_recall_at_10_std": -0.057429,
        "nauc_recall_at_10_diff1": 0.212499,
        "nauc_recall_at_20_max": 0.019962,
        "nauc_recall_at_20_std": -0.035747,
        "nauc_recall_at_20_diff1": 0.179884,
        "nauc_recall_at_100_max": -0.010982,
        "nauc_recall_at_100_std": -0.000586,
        "nauc_recall_at_100_diff1": 0.134386,
        "nauc_recall_at_1000_max": 0.013897,
        "nauc_recall_at_1000_std": 0.043723,
        "nauc_recall_at_1000_diff1": 0.137193,
        "nauc_precision_at_1_max": 0.054966,
        "nauc_precision_at_1_std": -0.029198,
        "nauc_precision_at_1_diff1": 0.37802,
        "nauc_precision_at_3_max": 0.03895,
        "nauc_precision_at_3_std": -0.027685,
        "nauc_precision_at_3_diff1": 0.296664,
        "nauc_precision_at_5_max": 0.031231,
        "nauc_precision_at_5_std": -0.037502,
        "nauc_precision_at_5_diff1": 0.246399,
        "nauc_precision_at_10_max": 0.044253,
        "nauc_precision_at_10_std": -0.019074,
        "nauc_precision_at_10_diff1": 0.213808,
        "nauc_precision_at_20_max": 0.061999,
        "nauc_precision_at_20_std": 0.006999,
        "nauc_precision_at_20_diff1": 0.18827,
        "nauc_precision_at_100_max": 0.069741,
        "nauc_precision_at_100_std": 0.078451,
        "nauc_precision_at_100_diff1": 0.130309,
        "nauc_precision_at_1000_max": 0.092182,
        "nauc_precision_at_1000_std": 0.098088,
        "nauc_precision_at_1000_diff1": 0.05493,
        "nauc_mrr_at_1_max": 0.054966,
        "nauc_mrr_at_1_std": -0.029198,
        "nauc_mrr_at_1_diff1": 0.37802,
        "nauc_mrr_at_3_max": 0.048753,
        "nauc_mrr_at_3_std": -0.020475,
        "nauc_mrr_at_3_diff1": 0.333818,
        "nauc_mrr_at_5_max": 0.043798,
        "nauc_mrr_at_5_std": -0.024945,
        "nauc_mrr_at_5_diff1": 0.314724,
        "nauc_mrr_at_10_max": 0.041963,
        "nauc_mrr_at_10_std": -0.024594,
        "nauc_mrr_at_10_diff1": 0.30925,
        "nauc_mrr_at_20_max": 0.042372,
        "nauc_mrr_at_20_std": -0.023581,
        "nauc_mrr_at_20_diff1": 0.305733,
        "nauc_mrr_at_100_max": 0.04166,
        "nauc_mrr_at_100_std": -0.023362,
        "nauc_mrr_at_100_diff1": 0.303816,
        "nauc_mrr_at_1000_max": 0.04172,
        "nauc_mrr_at_1000_std": -0.023135,
        "nauc_mrr_at_1000_diff1": 0.304207,
        "main_score": 0.13065,
        "hf_subset": "default",
        "languages": [
          "eng-Latn"
        ]
      }
    ]
  },
  "evaluation_time": 1221.5747628211975,
  "kg_co2_emissions": null
}