{
  "dataset_revision": "f46a197baaae43b4f621051089b82a364682dfeb",
  "task_name": "CQADupstackAndroidRetrieval",
  "mteb_version": "1.36.15",
  "scores": {
    "test": [
      {
        "ndcg_at_1": 0.12017,
        "ndcg_at_3": 0.14456,
        "ndcg_at_5": 0.15828,
        "ndcg_at_10": 0.17086,
        "ndcg_at_20": 0.18709,
        "ndcg_at_100": 0.22357,
        "ndcg_at_1000": 0.26473,
        "map_at_1": 0.09308,
        "map_at_3": 0.12097,
        "map_at_5": 0.12998,
        "map_at_10": 0.13617,
        "map_at_20": 0.14132,
        "map_at_100": 0.14678,
        "map_at_1000": 0.14856,
        "recall_at_1": 0.09308,
        "recall_at_3": 0.15693,
        "recall_at_5": 0.19657,
        "recall_at_10": 0.23629,
        "recall_at_20": 0.29459,
        "recall_at_100": 0.47554,
        "recall_at_1000": 0.7641,
        "precision_at_1": 0.12017,
        "precision_at_3": 0.07201,
        "precision_at_5": 0.05551,
        "precision_at_10": 0.03519,
        "precision_at_20": 0.02382,
        "precision_at_100": 0.00831,
        "precision_at_1000": 0.00157,
        "mrr_at_1": 0.120172,
        "mrr_at_3": 0.157129,
        "mrr_at_5": 0.168789,
        "mrr_at_10": 0.175178,
        "mrr_at_20": 0.179195,
        "mrr_at_100": 0.18395,
        "mrr_at_1000": 0.185071,
        "nauc_ndcg_at_1_max": 0.032693,
        "nauc_ndcg_at_1_std": -3.5e-05,
        "nauc_ndcg_at_1_diff1": 0.247061,
        "nauc_ndcg_at_3_max": 0.021087,
        "nauc_ndcg_at_3_std": 0.035902,
        "nauc_ndcg_at_3_diff1": 0.18806,
        "nauc_ndcg_at_5_max": 0.031869,
        "nauc_ndcg_at_5_std": 0.062567,
        "nauc_ndcg_at_5_diff1": 0.171473,
        "nauc_ndcg_at_10_max": 0.048179,
        "nauc_ndcg_at_10_std": 0.055682,
        "nauc_ndcg_at_10_diff1": 0.165471,
        "nauc_ndcg_at_20_max": 0.050218,
        "nauc_ndcg_at_20_std": 0.052004,
        "nauc_ndcg_at_20_diff1": 0.170934,
        "nauc_ndcg_at_100_max": 0.05181,
        "nauc_ndcg_at_100_std": 0.068151,
        "nauc_ndcg_at_100_diff1": 0.143373,
        "nauc_ndcg_at_1000_max": 0.065906,
        "nauc_ndcg_at_1000_std": 0.080447,
        "nauc_ndcg_at_1000_diff1": 0.147174,
        "nauc_map_at_1_max": 0.048409,
        "nauc_map_at_1_std": 0.044132,
        "nauc_map_at_1_diff1": 0.294548,
        "nauc_map_at_3_max": 0.028398,
        "nauc_map_at_3_std": 0.044831,
        "nauc_map_at_3_diff1": 0.22937,
        "nauc_map_at_5_max": 0.034921,
        "nauc_map_at_5_std": 0.057217,
        "nauc_map_at_5_diff1": 0.215706,
        "nauc_map_at_10_max": 0.042473,
        "nauc_map_at_10_std": 0.055233,
        "nauc_map_at_10_diff1": 0.208785,
        "nauc_map_at_20_max": 0.043464,
        "nauc_map_at_20_std": 0.055741,
        "nauc_map_at_20_diff1": 0.208434,
        "nauc_map_at_100_max": 0.043839,
        "nauc_map_at_100_std": 0.059338,
        "nauc_map_at_100_diff1": 0.202028,
        "nauc_map_at_1000_max": 0.044768,
        "nauc_map_at_1000_std": 0.060037,
        "nauc_map_at_1000_diff1": 0.201333,
        "nauc_recall_at_1_max": 0.048409,
        "nauc_recall_at_1_std": 0.044132,
        "nauc_recall_at_1_diff1": 0.294548,
        "nauc_recall_at_3_max": 0.013219,
        "nauc_recall_at_3_std": 0.04737,
        "nauc_recall_at_3_diff1": 0.17179,
        "nauc_recall_at_5_max": 0.038875,
        "nauc_recall_at_5_std": 0.090569,
        "nauc_recall_at_5_diff1": 0.132632,
        "nauc_recall_at_10_max": 0.071077,
        "nauc_recall_at_10_std": 0.070974,
        "nauc_recall_at_10_diff1": 0.11114,
        "nauc_recall_at_20_max": 0.08099,
        "nauc_recall_at_20_std": 0.055424,
        "nauc_recall_at_20_diff1": 0.128954,
        "nauc_recall_at_100_max": 0.071758,
        "nauc_recall_at_100_std": 0.093559,
        "nauc_recall_at_100_diff1": 0.023626,
        "nauc_recall_at_1000_max": 0.178503,
        "nauc_recall_at_1000_std": 0.209042,
        "nauc_recall_at_1000_diff1": 0.009234,
        "nauc_precision_at_1_max": 0.032693,
        "nauc_precision_at_1_std": -3.5e-05,
        "nauc_precision_at_1_diff1": 0.247061,
        "nauc_precision_at_3_max": 0.005834,
        "nauc_precision_at_3_std": 0.024745,
        "nauc_precision_at_3_diff1": 0.11879,
        "nauc_precision_at_5_max": 0.013773,
        "nauc_precision_at_5_std": 0.072341,
        "nauc_precision_at_5_diff1": 0.071389,
        "nauc_precision_at_10_max": 0.044469,
        "nauc_precision_at_10_std": 0.062793,
        "nauc_precision_at_10_diff1": 0.030572,
        "nauc_precision_at_20_max": 0.03608,
        "nauc_precision_at_20_std": 0.039648,
        "nauc_precision_at_20_diff1": 0.00343,
        "nauc_precision_at_100_max": 0.008174,
        "nauc_precision_at_100_std": 0.03831,
        "nauc_precision_at_100_diff1": -0.091056,
        "nauc_precision_at_1000_max": -0.023815,
        "nauc_precision_at_1000_std": -0.003631,
        "nauc_precision_at_1000_diff1": -0.151181,
        "nauc_mrr_at_1_max": 0.032693,
        "nauc_mrr_at_1_std": -3.5e-05,
        "nauc_mrr_at_1_diff1": 0.247061,
        "nauc_mrr_at_3_max": 0.016462,
        "nauc_mrr_at_3_std": 0.008868,
        "nauc_mrr_at_3_diff1": 0.179747,
        "nauc_mrr_at_5_max": 0.023404,
        "nauc_mrr_at_5_std": 0.028999,
        "nauc_mrr_at_5_diff1": 0.163783,
        "nauc_mrr_at_10_max": 0.029685,
        "nauc_mrr_at_10_std": 0.024499,
        "nauc_mrr_at_10_diff1": 0.160992,
        "nauc_mrr_at_20_max": 0.029494,
        "nauc_mrr_at_20_std": 0.021925,
        "nauc_mrr_at_20_diff1": 0.164031,
        "nauc_mrr_at_100_max": 0.029705,
        "nauc_mrr_at_100_std": 0.024038,
        "nauc_mrr_at_100_diff1": 0.160132,
        "nauc_mrr_at_1000_max": 0.030332,
        "nauc_mrr_at_1000_std": 0.024482,
        "nauc_mrr_at_1000_diff1": 0.160815,
        "main_score": 0.17086,
        "hf_subset": "default",
        "languages": [
          "eng-Latn"
        ]
      }
    ]
  },
  "evaluation_time": 723.5764346122742,
  "kg_co2_emissions": null
}