{
  "dataset_revision": "79531abbd1fb92d06c6d6315a0cbbbf5bb247ea4",
  "task_name": "CQADupstackPhysicsRetrieval",
  "mteb_version": "1.36.15",
  "scores": {
    "test": [
      {
        "ndcg_at_1": 0.09432,
        "ndcg_at_3": 0.11683,
        "ndcg_at_5": 0.13102,
        "ndcg_at_10": 0.14606,
        "ndcg_at_20": 0.16504,
        "ndcg_at_100": 0.20324,
        "ndcg_at_1000": 0.24114,
        "map_at_1": 0.07428,
        "map_at_3": 0.10085,
        "map_at_5": 0.10955,
        "map_at_10": 0.11637,
        "map_at_20": 0.12175,
        "map_at_100": 0.12721,
        "map_at_1000": 0.12877,
        "recall_at_1": 0.07428,
        "recall_at_3": 0.12955,
        "recall_at_5": 0.16548,
        "recall_at_10": 0.21114,
        "recall_at_20": 0.27898,
        "recall_at_100": 0.46601,
        "recall_at_1000": 0.73409,
        "precision_at_1": 0.09432,
        "precision_at_3": 0.05935,
        "precision_at_5": 0.04562,
        "precision_at_10": 0.02955,
        "precision_at_20": 0.0205,
        "precision_at_100": 0.00754,
        "precision_at_1000": 0.00132,
        "mrr_at_1": 0.094321,
        "mrr_at_3": 0.125441,
        "mrr_at_5": 0.135836,
        "mrr_at_10": 0.142778,
        "mrr_at_20": 0.148229,
        "mrr_at_100": 0.152976,
        "mrr_at_1000": 0.153955,
        "nauc_ndcg_at_1_max": 0.300142,
        "nauc_ndcg_at_1_std": 0.11125,
        "nauc_ndcg_at_1_diff1": 0.328321,
        "nauc_ndcg_at_3_max": 0.234319,
        "nauc_ndcg_at_3_std": 0.087433,
        "nauc_ndcg_at_3_diff1": 0.233807,
        "nauc_ndcg_at_5_max": 0.22319,
        "nauc_ndcg_at_5_std": 0.098456,
        "nauc_ndcg_at_5_diff1": 0.216862,
        "nauc_ndcg_at_10_max": 0.223339,
        "nauc_ndcg_at_10_std": 0.09314,
        "nauc_ndcg_at_10_diff1": 0.201453,
        "nauc_ndcg_at_20_max": 0.207767,
        "nauc_ndcg_at_20_std": 0.108884,
        "nauc_ndcg_at_20_diff1": 0.180117,
        "nauc_ndcg_at_100_max": 0.225462,
        "nauc_ndcg_at_100_std": 0.131429,
        "nauc_ndcg_at_100_diff1": 0.167563,
        "nauc_ndcg_at_1000_max": 0.240448,
        "nauc_ndcg_at_1000_std": 0.159134,
        "nauc_ndcg_at_1000_diff1": 0.17007,
        "nauc_map_at_1_max": 0.273895,
        "nauc_map_at_1_std": 0.074248,
        "nauc_map_at_1_diff1": 0.357741,
        "nauc_map_at_3_max": 0.23444,
        "nauc_map_at_3_std": 0.081037,
        "nauc_map_at_3_diff1": 0.26417,
        "nauc_map_at_5_max": 0.22847,
        "nauc_map_at_5_std": 0.089393,
        "nauc_map_at_5_diff1": 0.249822,
        "nauc_map_at_10_max": 0.229627,
        "nauc_map_at_10_std": 0.08678,
        "nauc_map_at_10_diff1": 0.240645,
        "nauc_map_at_20_max": 0.222686,
        "nauc_map_at_20_std": 0.091246,
        "nauc_map_at_20_diff1": 0.23152,
        "nauc_map_at_100_max": 0.226656,
        "nauc_map_at_100_std": 0.096813,
        "nauc_map_at_100_diff1": 0.22788,
        "nauc_map_at_1000_max": 0.22779,
        "nauc_map_at_1000_std": 0.098967,
        "nauc_map_at_1000_diff1": 0.227797,
        "nauc_recall_at_1_max": 0.273895,
        "nauc_recall_at_1_std": 0.074248,
        "nauc_recall_at_1_diff1": 0.357741,
        "nauc_recall_at_3_max": 0.195225,
        "nauc_recall_at_3_std": 0.066083,
        "nauc_recall_at_3_diff1": 0.194673,
        "nauc_recall_at_5_max": 0.186418,
        "nauc_recall_at_5_std": 0.095579,
        "nauc_recall_at_5_diff1": 0.168637,
        "nauc_recall_at_10_max": 0.187659,
        "nauc_recall_at_10_std": 0.086136,
        "nauc_recall_at_10_diff1": 0.134663,
        "nauc_recall_at_20_max": 0.146984,
        "nauc_recall_at_20_std": 0.121758,
        "nauc_recall_at_20_diff1": 0.088966,
        "nauc_recall_at_100_max": 0.182244,
        "nauc_recall_at_100_std": 0.174063,
        "nauc_recall_at_100_diff1": 0.054554,
        "nauc_recall_at_1000_max": 0.249885,
        "nauc_recall_at_1000_std": 0.348932,
        "nauc_recall_at_1000_diff1": 0.035988,
        "nauc_precision_at_1_max": 0.300142,
        "nauc_precision_at_1_std": 0.11125,
        "nauc_precision_at_1_diff1": 0.328321,
        "nauc_precision_at_3_max": 0.226709,
        "nauc_precision_at_3_std": 0.113746,
        "nauc_precision_at_3_diff1": 0.163874,
        "nauc_precision_at_5_max": 0.21831,
        "nauc_precision_at_5_std": 0.136866,
        "nauc_precision_at_5_diff1": 0.135752,
        "nauc_precision_at_10_max": 0.23561,
        "nauc_precision_at_10_std": 0.134599,
        "nauc_precision_at_10_diff1": 0.105782,
        "nauc_precision_at_20_max": 0.203766,
        "nauc_precision_at_20_std": 0.175512,
        "nauc_precision_at_20_diff1": 0.046857,
        "nauc_precision_at_100_max": 0.212821,
        "nauc_precision_at_100_std": 0.246065,
        "nauc_precision_at_100_diff1": -0.002434,
        "nauc_precision_at_1000_max": 0.165579,
        "nauc_precision_at_1000_std": 0.295496,
        "nauc_precision_at_1000_diff1": -0.014768,
        "nauc_mrr_at_1_max": 0.300142,
        "nauc_mrr_at_1_std": 0.11125,
        "nauc_mrr_at_1_diff1": 0.328321,
        "nauc_mrr_at_3_max": 0.252111,
        "nauc_mrr_at_3_std": 0.095323,
        "nauc_mrr_at_3_diff1": 0.2342,
        "nauc_mrr_at_5_max": 0.250492,
        "nauc_mrr_at_5_std": 0.105802,
        "nauc_mrr_at_5_diff1": 0.223466,
        "nauc_mrr_at_10_max": 0.250003,
        "nauc_mrr_at_10_std": 0.106181,
        "nauc_mrr_at_10_diff1": 0.215883,
        "nauc_mrr_at_20_max": 0.246887,
        "nauc_mrr_at_20_std": 0.113776,
        "nauc_mrr_at_20_diff1": 0.211256,
        "nauc_mrr_at_100_max": 0.250331,
        "nauc_mrr_at_100_std": 0.115004,
        "nauc_mrr_at_100_diff1": 0.210374,
        "nauc_mrr_at_1000_max": 0.250292,
        "nauc_mrr_at_1000_std": 0.115576,
        "nauc_mrr_at_1000_diff1": 0.210369,
        "main_score": 0.14606,
        "hf_subset": "default",
        "languages": [
          "eng-Latn"
        ]
      }
    ]
  },
  "evaluation_time": 1263.9798910617828,
  "kg_co2_emissions": null
}