{
  "dataset_revision": "46989137a86843e03a6195de44b09deda022eec7",
  "task_name": "CQADupstackTexRetrieval",
  "mteb_version": "1.36.15",
  "scores": {
    "test": [
      {
        "ndcg_at_1": 0.02237,
        "ndcg_at_3": 0.02934,
        "ndcg_at_5": 0.03513,
        "ndcg_at_10": 0.04156,
        "ndcg_at_20": 0.04712,
        "ndcg_at_100": 0.0606,
        "ndcg_at_1000": 0.08621,
        "map_at_1": 0.0169,
        "map_at_3": 0.02388,
        "map_at_5": 0.02741,
        "map_at_10": 0.02998,
        "map_at_20": 0.0315,
        "map_at_100": 0.03321,
        "map_at_1000": 0.03403,
        "recall_at_1": 0.0169,
        "recall_at_3": 0.03368,
        "recall_at_5": 0.04833,
        "recall_at_10": 0.06808,
        "recall_at_20": 0.08875,
        "recall_at_100": 0.15772,
        "recall_at_1000": 0.34954,
        "precision_at_1": 0.02237,
        "precision_at_3": 0.01549,
        "precision_at_5": 0.01342,
        "precision_at_10": 0.0096,
        "precision_at_20": 0.00642,
        "precision_at_100": 0.00237,
        "precision_at_1000": 0.00057,
        "mrr_at_1": 0.022368,
        "mrr_at_3": 0.03229,
        "mrr_at_5": 0.036471,
        "mrr_at_10": 0.039726,
        "mrr_at_20": 0.041603,
        "mrr_at_100": 0.043551,
        "mrr_at_1000": 0.044345,
        "nauc_ndcg_at_1_max": 0.246313,
        "nauc_ndcg_at_1_std": 0.109277,
        "nauc_ndcg_at_1_diff1": 0.344693,
        "nauc_ndcg_at_3_max": 0.192375,
        "nauc_ndcg_at_3_std": 0.079367,
        "nauc_ndcg_at_3_diff1": 0.242093,
        "nauc_ndcg_at_5_max": 0.170917,
        "nauc_ndcg_at_5_std": 0.061207,
        "nauc_ndcg_at_5_diff1": 0.184612,
        "nauc_ndcg_at_10_max": 0.143891,
        "nauc_ndcg_at_10_std": 0.045262,
        "nauc_ndcg_at_10_diff1": 0.151315,
        "nauc_ndcg_at_20_max": 0.126874,
        "nauc_ndcg_at_20_std": 0.047581,
        "nauc_ndcg_at_20_diff1": 0.128317,
        "nauc_ndcg_at_100_max": 0.11415,
        "nauc_ndcg_at_100_std": 0.046472,
        "nauc_ndcg_at_100_diff1": 0.110763,
        "nauc_ndcg_at_1000_max": 0.089141,
        "nauc_ndcg_at_1000_std": 0.032766,
        "nauc_ndcg_at_1000_diff1": 0.09968,
        "nauc_map_at_1_max": 0.24758,
        "nauc_map_at_1_std": 0.041358,
        "nauc_map_at_1_diff1": 0.393416,
        "nauc_map_at_3_max": 0.200097,
        "nauc_map_at_3_std": 0.0567,
        "nauc_map_at_3_diff1": 0.279373,
        "nauc_map_at_5_max": 0.187403,
        "nauc_map_at_5_std": 0.051735,
        "nauc_map_at_5_diff1": 0.232007,
        "nauc_map_at_10_max": 0.170463,
        "nauc_map_at_10_std": 0.044663,
        "nauc_map_at_10_diff1": 0.211165,
        "nauc_map_at_20_max": 0.162894,
        "nauc_map_at_20_std": 0.045493,
        "nauc_map_at_20_diff1": 0.199078,
        "nauc_map_at_100_max": 0.158903,
        "nauc_map_at_100_std": 0.045909,
        "nauc_map_at_100_diff1": 0.192778,
        "nauc_map_at_1000_max": 0.156783,
        "nauc_map_at_1000_std": 0.045531,
        "nauc_map_at_1000_diff1": 0.190983,
        "nauc_recall_at_1_max": 0.24758,
        "nauc_recall_at_1_std": 0.041358,
        "nauc_recall_at_1_diff1": 0.393416,
        "nauc_recall_at_3_max": 0.163773,
        "nauc_recall_at_3_std": 0.072724,
        "nauc_recall_at_3_diff1": 0.205328,
        "nauc_recall_at_5_max": 0.139035,
        "nauc_recall_at_5_std": 0.050212,
        "nauc_recall_at_5_diff1": 0.115112,
        "nauc_recall_at_10_max": 0.100567,
        "nauc_recall_at_10_std": 0.029055,
        "nauc_recall_at_10_diff1": 0.077886,
        "nauc_recall_at_20_max": 0.076365,
        "nauc_recall_at_20_std": 0.03752,
        "nauc_recall_at_20_diff1": 0.046437,
        "nauc_recall_at_100_max": 0.064908,
        "nauc_recall_at_100_std": 0.035054,
        "nauc_recall_at_100_diff1": 0.041353,
        "nauc_recall_at_1000_max": 0.006448,
        "nauc_recall_at_1000_std": -0.003449,
        "nauc_recall_at_1000_diff1": 0.02848,
        "nauc_precision_at_1_max": 0.246313,
        "nauc_precision_at_1_std": 0.109277,
        "nauc_precision_at_1_diff1": 0.344693,
        "nauc_precision_at_3_max": 0.180933,
        "nauc_precision_at_3_std": 0.111136,
        "nauc_precision_at_3_diff1": 0.180766,
        "nauc_precision_at_5_max": 0.154609,
        "nauc_precision_at_5_std": 0.082519,
        "nauc_precision_at_5_diff1": 0.102468,
        "nauc_precision_at_10_max": 0.123986,
        "nauc_precision_at_10_std": 0.052116,
        "nauc_precision_at_10_diff1": 0.058375,
        "nauc_precision_at_20_max": 0.102455,
        "nauc_precision_at_20_std": 0.060948,
        "nauc_precision_at_20_diff1": 0.037851,
        "nauc_precision_at_100_max": 0.092499,
        "nauc_precision_at_100_std": 0.069821,
        "nauc_precision_at_100_diff1": 0.032152,
        "nauc_precision_at_1000_max": 0.074226,
        "nauc_precision_at_1000_std": 0.056418,
        "nauc_precision_at_1000_diff1": 0.055348,
        "nauc_mrr_at_1_max": 0.246313,
        "nauc_mrr_at_1_std": 0.109277,
        "nauc_mrr_at_1_diff1": 0.344693,
        "nauc_mrr_at_3_max": 0.198112,
        "nauc_mrr_at_3_std": 0.100846,
        "nauc_mrr_at_3_diff1": 0.244879,
        "nauc_mrr_at_5_max": 0.182757,
        "nauc_mrr_at_5_std": 0.090617,
        "nauc_mrr_at_5_diff1": 0.208231,
        "nauc_mrr_at_10_max": 0.170435,
        "nauc_mrr_at_10_std": 0.079504,
        "nauc_mrr_at_10_diff1": 0.18962,
        "nauc_mrr_at_20_max": 0.162698,
        "nauc_mrr_at_20_std": 0.079289,
        "nauc_mrr_at_20_diff1": 0.180752,
        "nauc_mrr_at_100_max": 0.160076,
        "nauc_mrr_at_100_std": 0.07712,
        "nauc_mrr_at_100_diff1": 0.174914,
        "nauc_mrr_at_1000_max": 0.158899,
        "nauc_mrr_at_1000_std": 0.076237,
        "nauc_mrr_at_1000_diff1": 0.174173,
        "main_score": 0.04156,
        "hf_subset": "default",
        "languages": [
          "eng-Latn"
        ]
      }
    ]
  },
  "evaluation_time": 2282.5909566879272,
  "kg_co2_emissions": null
}