{
  "dataset_revision": "e4e08e0b7dbe3c8700f0daef558ff32256715259",
  "task_name": "QuoraRetrieval",
  "mteb_version": "1.36.15",
  "scores": {
    "test": [
      {
        "ndcg_at_1": 0.475,
        "ndcg_at_3": 0.51518,
        "ndcg_at_5": 0.53419,
        "ndcg_at_10": 0.55617,
        "ndcg_at_20": 0.57163,
        "ndcg_at_100": 0.59314,
        "ndcg_at_1000": 0.60731,
        "map_at_1": 0.41264,
        "map_at_3": 0.48072,
        "map_at_5": 0.49512,
        "map_at_10": 0.50649,
        "map_at_20": 0.51194,
        "map_at_100": 0.51579,
        "map_at_1000": 0.51648,
        "recall_at_1": 0.41264,
        "recall_at_3": 0.54285,
        "recall_at_5": 0.59263,
        "recall_at_10": 0.65886,
        "recall_at_20": 0.71404,
        "recall_at_100": 0.81651,
        "recall_at_1000": 0.91529,
        "precision_at_1": 0.475,
        "precision_at_3": 0.2232,
        "precision_at_5": 0.15068,
        "precision_at_10": 0.08634,
        "precision_at_20": 0.0484,
        "precision_at_100": 0.01171,
        "precision_at_1000": 0.00138,
        "mrr_at_1": 0.475,
        "mrr_at_3": 0.532267,
        "mrr_at_5": 0.543722,
        "mrr_at_10": 0.55204,
        "mrr_at_20": 0.555623,
        "mrr_at_100": 0.557856,
        "mrr_at_1000": 0.558191,
        "nauc_ndcg_at_1_max": 0.18989,
        "nauc_ndcg_at_1_std": -0.010335,
        "nauc_ndcg_at_1_diff1": 0.668873,
        "nauc_ndcg_at_3_max": 0.155053,
        "nauc_ndcg_at_3_std": -0.002131,
        "nauc_ndcg_at_3_diff1": 0.6287,
        "nauc_ndcg_at_5_max": 0.148226,
        "nauc_ndcg_at_5_std": -0.002406,
        "nauc_ndcg_at_5_diff1": 0.625826,
        "nauc_ndcg_at_10_max": 0.143046,
        "nauc_ndcg_at_10_std": 0.008448,
        "nauc_ndcg_at_10_diff1": 0.621709,
        "nauc_ndcg_at_20_max": 0.140409,
        "nauc_ndcg_at_20_std": 0.014335,
        "nauc_ndcg_at_20_diff1": 0.620798,
        "nauc_ndcg_at_100_max": 0.142099,
        "nauc_ndcg_at_100_std": 0.031836,
        "nauc_ndcg_at_100_diff1": 0.622593,
        "nauc_ndcg_at_1000_max": 0.146782,
        "nauc_ndcg_at_1000_std": 0.03637,
        "nauc_ndcg_at_1000_diff1": 0.624334,
        "nauc_map_at_1_max": 0.163231,
        "nauc_map_at_1_std": -0.033846,
        "nauc_map_at_1_diff1": 0.664511,
        "nauc_map_at_3_max": 0.15364,
        "nauc_map_at_3_std": -0.017704,
        "nauc_map_at_3_diff1": 0.638982,
        "nauc_map_at_5_max": 0.151275,
        "nauc_map_at_5_std": -0.015737,
        "nauc_map_at_5_diff1": 0.63686,
        "nauc_map_at_10_max": 0.149974,
        "nauc_map_at_10_std": -0.009024,
        "nauc_map_at_10_diff1": 0.635474,
        "nauc_map_at_20_max": 0.150036,
        "nauc_map_at_20_std": -0.005748,
        "nauc_map_at_20_diff1": 0.635132,
        "nauc_map_at_100_max": 0.150572,
        "nauc_map_at_100_std": -0.002055,
        "nauc_map_at_100_diff1": 0.635178,
        "nauc_map_at_1000_max": 0.150787,
        "nauc_map_at_1000_std": -0.001513,
        "nauc_map_at_1000_diff1": 0.635194,
        "nauc_recall_at_1_max": 0.163231,
        "nauc_recall_at_1_std": -0.033846,
        "nauc_recall_at_1_diff1": 0.664511,
        "nauc_recall_at_3_max": 0.128248,
        "nauc_recall_at_3_std": -0.004214,
        "nauc_recall_at_3_diff1": 0.592087,
        "nauc_recall_at_5_max": 0.111109,
        "nauc_recall_at_5_std": 0.00108,
        "nauc_recall_at_5_diff1": 0.574147,
        "nauc_recall_at_10_max": 0.089495,
        "nauc_recall_at_10_std": 0.037722,
        "nauc_recall_at_10_diff1": 0.545878,
        "nauc_recall_at_20_max": 0.066679,
        "nauc_recall_at_20_std": 0.065282,
        "nauc_recall_at_20_diff1": 0.529149,
        "nauc_recall_at_100_max": 0.043073,
        "nauc_recall_at_100_std": 0.21975,
        "nauc_recall_at_100_diff1": 0.509817,
        "nauc_recall_at_1000_max": 0.041898,
        "nauc_recall_at_1000_std": 0.475524,
        "nauc_recall_at_1000_diff1": 0.483357,
        "nauc_precision_at_1_max": 0.18989,
        "nauc_precision_at_1_std": -0.010335,
        "nauc_precision_at_1_diff1": 0.668873,
        "nauc_precision_at_3_max": 0.125023,
        "nauc_precision_at_3_std": 0.047204,
        "nauc_precision_at_3_diff1": 0.436501,
        "nauc_precision_at_5_max": 0.098513,
        "nauc_precision_at_5_std": 0.06227,
        "nauc_precision_at_5_diff1": 0.347869,
        "nauc_precision_at_10_max": 0.073191,
        "nauc_precision_at_10_std": 0.112884,
        "nauc_precision_at_10_diff1": 0.236229,
        "nauc_precision_at_20_max": 0.059036,
        "nauc_precision_at_20_std": 0.156067,
        "nauc_precision_at_20_diff1": 0.138137,
        "nauc_precision_at_100_max": 0.03843,
        "nauc_precision_at_100_std": 0.251498,
        "nauc_precision_at_100_diff1": -0.017856,
        "nauc_precision_at_1000_max": 0.044251,
        "nauc_precision_at_1000_std": 0.262827,
        "nauc_precision_at_1000_diff1": -0.140964,
        "nauc_mrr_at_1_max": 0.18989,
        "nauc_mrr_at_1_std": -0.010335,
        "nauc_mrr_at_1_diff1": 0.668873,
        "nauc_mrr_at_3_max": 0.175147,
        "nauc_mrr_at_3_std": 0.005051,
        "nauc_mrr_at_3_diff1": 0.642677,
        "nauc_mrr_at_5_max": 0.171892,
        "nauc_mrr_at_5_std": 0.006514,
        "nauc_mrr_at_5_diff1": 0.640888,
        "nauc_mrr_at_10_max": 0.170305,
        "nauc_mrr_at_10_std": 0.010099,
        "nauc_mrr_at_10_diff1": 0.6387,
        "nauc_mrr_at_20_max": 0.169842,
        "nauc_mrr_at_20_std": 0.010798,
        "nauc_mrr_at_20_diff1": 0.638506,
        "nauc_mrr_at_100_max": 0.169935,
        "nauc_mrr_at_100_std": 0.012121,
        "nauc_mrr_at_100_diff1": 0.6388,
        "nauc_mrr_at_1000_max": 0.169998,
        "nauc_mrr_at_1000_std": 0.01211,
        "nauc_mrr_at_1000_diff1": 0.638887,
        "main_score": 0.55617,
        "hf_subset": "default",
        "languages": [
          "eng-Latn"
        ]
      }
    ]
  },
  "evaluation_time": 4187.062853097916,
  "kg_co2_emissions": null
}