{
  "dataset_revision": "c22ab2a51041ffd869aaddef7af8d8215647e41a",
  "task_name": "ArguAna",
  "mteb_version": "1.36.15",
  "scores": {
    "test": [
      {
        "ndcg_at_1": 0.12945,
        "ndcg_at_3": 0.21337,
        "ndcg_at_5": 0.24658,
        "ndcg_at_10": 0.28112,
        "ndcg_at_20": 0.29979,
        "ndcg_at_100": 0.33031,
        "ndcg_at_1000": 0.35395,
        "map_at_1": 0.12945,
        "map_at_3": 0.19251,
        "map_at_5": 0.211,
        "map_at_10": 0.22515,
        "map_at_20": 0.23035,
        "map_at_100": 0.2344,
        "map_at_1000": 0.23516,
        "recall_at_1": 0.12945,
        "recall_at_3": 0.27383,
        "recall_at_5": 0.3542,
        "recall_at_10": 0.46159,
        "recall_at_20": 0.53485,
        "recall_at_100": 0.70199,
        "recall_at_1000": 0.89545,
        "precision_at_1": 0.12945,
        "precision_at_3": 0.09128,
        "precision_at_5": 0.07084,
        "precision_at_10": 0.04616,
        "precision_at_20": 0.02674,
        "precision_at_100": 0.00702,
        "precision_at_1000": 0.0009,
        "mrr_at_1": 0.133001,
        "mrr_at_3": 0.193575,
        "mrr_at_5": 0.212281,
        "mrr_at_10": 0.22635,
        "mrr_at_20": 0.231613,
        "mrr_at_100": 0.235668,
        "mrr_at_1000": 0.236429,
        "nauc_ndcg_at_1_max": -0.029387,
        "nauc_ndcg_at_1_std": -0.112878,
        "nauc_ndcg_at_1_diff1": 0.140326,
        "nauc_ndcg_at_3_max": -0.016214,
        "nauc_ndcg_at_3_std": -0.096555,
        "nauc_ndcg_at_3_diff1": 0.081141,
        "nauc_ndcg_at_5_max": -0.003377,
        "nauc_ndcg_at_5_std": -0.097333,
        "nauc_ndcg_at_5_diff1": 0.091289,
        "nauc_ndcg_at_10_max": 0.001132,
        "nauc_ndcg_at_10_std": -0.095127,
        "nauc_ndcg_at_10_diff1": 0.095749,
        "nauc_ndcg_at_20_max": 0.004473,
        "nauc_ndcg_at_20_std": -0.100178,
        "nauc_ndcg_at_20_diff1": 0.096731,
        "nauc_ndcg_at_100_max": 0.014753,
        "nauc_ndcg_at_100_std": -0.096736,
        "nauc_ndcg_at_100_diff1": 0.103543,
        "nauc_ndcg_at_1000_max": 0.006958,
        "nauc_ndcg_at_1000_std": -0.097911,
        "nauc_ndcg_at_1000_diff1": 0.098341,
        "nauc_map_at_1_max": -0.029387,
        "nauc_map_at_1_std": -0.112878,
        "nauc_map_at_1_diff1": 0.140326,
        "nauc_map_at_3_max": -0.016628,
        "nauc_map_at_3_std": -0.098961,
        "nauc_map_at_3_diff1": 0.091117,
        "nauc_map_at_5_max": -0.008367,
        "nauc_map_at_5_std": -0.099747,
        "nauc_map_at_5_diff1": 0.097298,
        "nauc_map_at_10_max": -0.006645,
        "nauc_map_at_10_std": -0.097633,
        "nauc_map_at_10_diff1": 0.098776,
        "nauc_map_at_20_max": -0.005559,
        "nauc_map_at_20_std": -0.099314,
        "nauc_map_at_20_diff1": 0.09898,
        "nauc_map_at_100_max": -0.003914,
        "nauc_map_at_100_std": -0.098764,
        "nauc_map_at_100_diff1": 0.099953,
        "nauc_map_at_1000_max": -0.00432,
        "nauc_map_at_1000_std": -0.098859,
        "nauc_map_at_1000_diff1": 0.099696,
        "nauc_recall_at_1_max": -0.029387,
        "nauc_recall_at_1_std": -0.112878,
        "nauc_recall_at_1_diff1": 0.140326,
        "nauc_recall_at_3_max": -0.015947,
        "nauc_recall_at_3_std": -0.091239,
        "nauc_recall_at_3_diff1": 0.058559,
        "nauc_recall_at_5_max": 0.007872,
        "nauc_recall_at_5_std": -0.09198,
        "nauc_recall_at_5_diff1": 0.07935,
        "nauc_recall_at_10_max": 0.020515,
        "nauc_recall_at_10_std": -0.090949,
        "nauc_recall_at_10_diff1": 0.092768,
        "nauc_recall_at_20_max": 0.031841,
        "nauc_recall_at_20_std": -0.106602,
        "nauc_recall_at_20_diff1": 0.096466,
        "nauc_recall_at_100_max": 0.095541,
        "nauc_recall_at_100_std": -0.090813,
        "nauc_recall_at_100_diff1": 0.135311,
        "nauc_recall_at_1000_max": 0.071531,
        "nauc_recall_at_1000_std": -0.102653,
        "nauc_recall_at_1000_diff1": 0.088512,
        "nauc_precision_at_1_max": -0.029387,
        "nauc_precision_at_1_std": -0.112878,
        "nauc_precision_at_1_diff1": 0.140326,
        "nauc_precision_at_3_max": -0.015947,
        "nauc_precision_at_3_std": -0.091239,
        "nauc_precision_at_3_diff1": 0.058559,
        "nauc_precision_at_5_max": 0.007872,
        "nauc_precision_at_5_std": -0.09198,
        "nauc_precision_at_5_diff1": 0.07935,
        "nauc_precision_at_10_max": 0.020515,
        "nauc_precision_at_10_std": -0.090949,
        "nauc_precision_at_10_diff1": 0.092768,
        "nauc_precision_at_20_max": 0.031841,
        "nauc_precision_at_20_std": -0.106602,
        "nauc_precision_at_20_diff1": 0.096466,
        "nauc_precision_at_100_max": 0.095541,
        "nauc_precision_at_100_std": -0.090813,
        "nauc_precision_at_100_diff1": 0.135311,
        "nauc_precision_at_1000_max": 0.071531,
        "nauc_precision_at_1000_std": -0.102653,
        "nauc_precision_at_1000_diff1": 0.088512,
        "nauc_mrr_at_1_max": -0.022072,
        "nauc_mrr_at_1_std": -0.111921,
        "nauc_mrr_at_1_diff1": 0.120844,
        "nauc_mrr_at_3_max": -0.019058,
        "nauc_mrr_at_3_std": -0.099436,
        "nauc_mrr_at_3_diff1": 0.078574,
        "nauc_mrr_at_5_max": -0.009938,
        "nauc_mrr_at_5_std": -0.099572,
        "nauc_mrr_at_5_diff1": 0.084858,
        "nauc_mrr_at_10_max": -0.008548,
        "nauc_mrr_at_10_std": -0.097496,
        "nauc_mrr_at_10_diff1": 0.086663,
        "nauc_mrr_at_20_max": -0.007099,
        "nauc_mrr_at_20_std": -0.099258,
        "nauc_mrr_at_20_diff1": 0.087215,
        "nauc_mrr_at_100_max": -0.005481,
        "nauc_mrr_at_100_std": -0.098711,
        "nauc_mrr_at_100_diff1": 0.088094,
        "nauc_mrr_at_1000_max": -0.005887,
        "nauc_mrr_at_1000_std": -0.098805,
        "nauc_mrr_at_1000_diff1": 0.087812,
        "main_score": 0.28112,
        "hf_subset": "default",
        "languages": [
          "eng-Latn"
        ]
      }
    ]
  },
  "evaluation_time": 333.16315746307373,
  "kg_co2_emissions": null
}