{
  "dataset_revision": "c22ab2a51041ffd869aaddef7af8d8215647e41a",
  "task_name": "ArguAna",
  "mteb_version": "1.36.15",
  "scores": {
    "test": [
      {
        "ndcg_at_1": 0.15789,
        "ndcg_at_3": 0.25979,
        "ndcg_at_5": 0.29316,
        "ndcg_at_10": 0.33096,
        "ndcg_at_20": 0.35562,
        "ndcg_at_100": 0.38557,
        "ndcg_at_1000": 0.40226,
        "map_at_1": 0.15789,
        "map_at_3": 0.23435,
        "map_at_5": 0.25284,
        "map_at_10": 0.26877,
        "map_at_20": 0.27565,
        "map_at_100": 0.2799,
        "map_at_1000": 0.28048,
        "recall_at_1": 0.15789,
        "recall_at_3": 0.33357,
        "recall_at_5": 0.41465,
        "recall_at_10": 0.52987,
        "recall_at_20": 0.6266,
        "recall_at_100": 0.78663,
        "recall_at_1000": 0.92105,
        "precision_at_1": 0.15789,
        "precision_at_3": 0.11119,
        "precision_at_5": 0.08293,
        "precision_at_10": 0.05299,
        "precision_at_20": 0.03133,
        "precision_at_100": 0.00787,
        "precision_at_1000": 0.00092,
        "mrr_at_1": 0.162162,
        "mrr_at_3": 0.236605,
        "mrr_at_5": 0.254564,
        "mrr_at_10": 0.270364,
        "mrr_at_20": 0.277237,
        "mrr_at_100": 0.28149,
        "mrr_at_1000": 0.282063,
        "nauc_ndcg_at_1_max": -0.080443,
        "nauc_ndcg_at_1_std": -0.046657,
        "nauc_ndcg_at_1_diff1": 0.036746,
        "nauc_ndcg_at_3_max": -0.047343,
        "nauc_ndcg_at_3_std": -0.038441,
        "nauc_ndcg_at_3_diff1": 0.022321,
        "nauc_ndcg_at_5_max": -0.033888,
        "nauc_ndcg_at_5_std": -0.023432,
        "nauc_ndcg_at_5_diff1": 0.028877,
        "nauc_ndcg_at_10_max": -0.019246,
        "nauc_ndcg_at_10_std": -0.002191,
        "nauc_ndcg_at_10_diff1": 0.037176,
        "nauc_ndcg_at_20_max": -0.01273,
        "nauc_ndcg_at_20_std": 0.019274,
        "nauc_ndcg_at_20_diff1": 0.032553,
        "nauc_ndcg_at_100_max": -0.002475,
        "nauc_ndcg_at_100_std": 0.040878,
        "nauc_ndcg_at_100_diff1": 0.038381,
        "nauc_ndcg_at_1000_max": -0.009927,
        "nauc_ndcg_at_1000_std": 0.027213,
        "nauc_ndcg_at_1000_diff1": 0.0348,
        "nauc_map_at_1_max": -0.080443,
        "nauc_map_at_1_std": -0.046657,
        "nauc_map_at_1_diff1": 0.036746,
        "nauc_map_at_3_max": -0.054614,
        "nauc_map_at_3_std": -0.039999,
        "nauc_map_at_3_diff1": 0.023772,
        "nauc_map_at_5_max": -0.047125,
        "nauc_map_at_5_std": -0.031755,
        "nauc_map_at_5_diff1": 0.02744,
        "nauc_map_at_10_max": -0.041016,
        "nauc_map_at_10_std": -0.022129,
        "nauc_map_at_10_diff1": 0.031364,
        "nauc_map_at_20_max": -0.039079,
        "nauc_map_at_20_std": -0.016456,
        "nauc_map_at_20_diff1": 0.029768,
        "nauc_map_at_100_max": -0.037322,
        "nauc_map_at_100_std": -0.012916,
        "nauc_map_at_100_diff1": 0.030394,
        "nauc_map_at_1000_max": -0.037538,
        "nauc_map_at_1000_std": -0.013342,
        "nauc_map_at_1000_diff1": 0.030329,
        "nauc_recall_at_1_max": -0.080443,
        "nauc_recall_at_1_std": -0.046657,
        "nauc_recall_at_1_diff1": 0.036746,
        "nauc_recall_at_3_max": -0.029683,
        "nauc_recall_at_3_std": -0.034732,
        "nauc_recall_at_3_diff1": 0.019329,
        "nauc_recall_at_5_max": -0.000388,
        "nauc_recall_at_5_std": -0.001438,
        "nauc_recall_at_5_diff1": 0.033713,
        "nauc_recall_at_10_max": 0.042738,
        "nauc_recall_at_10_std": 0.056476,
        "nauc_recall_at_10_diff1": 0.055465,
        "nauc_recall_at_20_max": 0.074022,
        "nauc_recall_at_20_std": 0.148706,
        "nauc_recall_at_20_diff1": 0.041832,
        "nauc_recall_at_100_max": 0.183144,
        "nauc_recall_at_100_std": 0.359447,
        "nauc_recall_at_100_diff1": 0.092975,
        "nauc_recall_at_1000_max": 0.244681,
        "nauc_recall_at_1000_std": 0.447945,
        "nauc_recall_at_1000_diff1": 0.064066,
        "nauc_precision_at_1_max": -0.080443,
        "nauc_precision_at_1_std": -0.046657,
        "nauc_precision_at_1_diff1": 0.036746,
        "nauc_precision_at_3_max": -0.029683,
        "nauc_precision_at_3_std": -0.034732,
        "nauc_precision_at_3_diff1": 0.019329,
        "nauc_precision_at_5_max": -0.000388,
        "nauc_precision_at_5_std": -0.001438,
        "nauc_precision_at_5_diff1": 0.033713,
        "nauc_precision_at_10_max": 0.042738,
        "nauc_precision_at_10_std": 0.056476,
        "nauc_precision_at_10_diff1": 0.055465,
        "nauc_precision_at_20_max": 0.074022,
        "nauc_precision_at_20_std": 0.148706,
        "nauc_precision_at_20_diff1": 0.041832,
        "nauc_precision_at_100_max": 0.183144,
        "nauc_precision_at_100_std": 0.359447,
        "nauc_precision_at_100_diff1": 0.092975,
        "nauc_precision_at_1000_max": 0.244681,
        "nauc_precision_at_1000_std": 0.447945,
        "nauc_precision_at_1000_diff1": 0.064066,
        "nauc_mrr_at_1_max": -0.074581,
        "nauc_mrr_at_1_std": -0.046694,
        "nauc_mrr_at_1_diff1": 0.018638,
        "nauc_mrr_at_3_max": -0.057723,
        "nauc_mrr_at_3_std": -0.042165,
        "nauc_mrr_at_3_diff1": 0.009325,
        "nauc_mrr_at_5_max": -0.049586,
        "nauc_mrr_at_5_std": -0.032487,
        "nauc_mrr_at_5_diff1": 0.013748,
        "nauc_mrr_at_10_max": -0.04452,
        "nauc_mrr_at_10_std": -0.023582,
        "nauc_mrr_at_10_diff1": 0.017046,
        "nauc_mrr_at_20_max": -0.042453,
        "nauc_mrr_at_20_std": -0.017896,
        "nauc_mrr_at_20_diff1": 0.01587,
        "nauc_mrr_at_100_max": -0.040748,
        "nauc_mrr_at_100_std": -0.014397,
        "nauc_mrr_at_100_diff1": 0.016358,
        "nauc_mrr_at_1000_max": -0.040968,
        "nauc_mrr_at_1000_std": -0.014822,
        "nauc_mrr_at_1000_diff1": 0.01627,
        "main_score": 0.33096,
        "hf_subset": "default",
        "languages": [
          "eng-Latn"
        ]
      }
    ]
  },
  "evaluation_time": 568.9850232601166,
  "kg_co2_emissions": null
}