{
  "dataset_revision": "c22ab2a51041ffd869aaddef7af8d8215647e41a",
  "task_name": "ArguAna",
  "mteb_version": "1.36.15",
  "scores": {
    "test": [
      {
        "ndcg_at_1": 0.16927,
        "ndcg_at_3": 0.26819,
        "ndcg_at_5": 0.30638,
        "ndcg_at_10": 0.36197,
        "ndcg_at_20": 0.39498,
        "ndcg_at_100": 0.42571,
        "ndcg_at_1000": 0.43726,
        "map_at_1": 0.16927,
        "map_at_3": 0.24301,
        "map_at_5": 0.26409,
        "map_at_10": 0.28725,
        "map_at_20": 0.29637,
        "map_at_100": 0.30074,
        "map_at_1000": 0.30118,
        "recall_at_1": 0.16927,
        "recall_at_3": 0.34139,
        "recall_at_5": 0.43457,
        "recall_at_10": 0.60526,
        "recall_at_20": 0.73542,
        "recall_at_100": 0.899,
        "recall_at_1000": 0.99004,
        "precision_at_1": 0.16927,
        "precision_at_3": 0.1138,
        "precision_at_5": 0.08691,
        "precision_at_10": 0.06053,
        "precision_at_20": 0.03677,
        "precision_at_100": 0.00899,
        "precision_at_1000": 0.00099,
        "mrr_at_1": 0.171408,
        "mrr_at_3": 0.243954,
        "mrr_at_5": 0.264829,
        "mrr_at_10": 0.288137,
        "mrr_at_20": 0.297251,
        "mrr_at_100": 0.301627,
        "mrr_at_1000": 0.302059,
        "nauc_ndcg_at_1_max": -0.075104,
        "nauc_ndcg_at_1_std": -0.021791,
        "nauc_ndcg_at_1_diff1": 0.043979,
        "nauc_ndcg_at_3_max": -0.069661,
        "nauc_ndcg_at_3_std": -0.006579,
        "nauc_ndcg_at_3_diff1": 0.011698,
        "nauc_ndcg_at_5_max": -0.058604,
        "nauc_ndcg_at_5_std": -0.002914,
        "nauc_ndcg_at_5_diff1": 0.010354,
        "nauc_ndcg_at_10_max": -0.050249,
        "nauc_ndcg_at_10_std": 0.015619,
        "nauc_ndcg_at_10_diff1": 0.00511,
        "nauc_ndcg_at_20_max": -0.036498,
        "nauc_ndcg_at_20_std": 0.023354,
        "nauc_ndcg_at_20_diff1": 0.010195,
        "nauc_ndcg_at_100_max": -0.039257,
        "nauc_ndcg_at_100_std": 0.025368,
        "nauc_ndcg_at_100_diff1": 0.010148,
        "nauc_ndcg_at_1000_max": -0.050306,
        "nauc_ndcg_at_1000_std": 0.012997,
        "nauc_ndcg_at_1000_diff1": 0.011359,
        "nauc_map_at_1_max": -0.075104,
        "nauc_map_at_1_std": -0.021791,
        "nauc_map_at_1_diff1": 0.043979,
        "nauc_map_at_3_max": -0.073178,
        "nauc_map_at_3_std": -0.012456,
        "nauc_map_at_3_diff1": 0.01793,
        "nauc_map_at_5_max": -0.066704,
        "nauc_map_at_5_std": -0.009537,
        "nauc_map_at_5_diff1": 0.016941,
        "nauc_map_at_10_max": -0.063871,
        "nauc_map_at_10_std": -0.001937,
        "nauc_map_at_10_diff1": 0.014613,
        "nauc_map_at_20_max": -0.060714,
        "nauc_map_at_20_std": -0.000564,
        "nauc_map_at_20_diff1": 0.015958,
        "nauc_map_at_100_max": -0.061337,
        "nauc_map_at_100_std": -0.000217,
        "nauc_map_at_100_diff1": 0.016269,
        "nauc_map_at_1000_max": -0.061665,
        "nauc_map_at_1000_std": -0.000614,
        "nauc_map_at_1000_diff1": 0.016295,
        "nauc_recall_at_1_max": -0.075104,
        "nauc_recall_at_1_std": -0.021791,
        "nauc_recall_at_1_diff1": 0.043979,
        "nauc_recall_at_3_max": -0.060213,
        "nauc_recall_at_3_std": 0.008767,
        "nauc_recall_at_3_diff1": -0.003418,
        "nauc_recall_at_5_max": -0.036795,
        "nauc_recall_at_5_std": 0.013733,
        "nauc_recall_at_5_diff1": -0.005444,
        "nauc_recall_at_10_max": -0.006044,
        "nauc_recall_at_10_std": 0.071851,
        "nauc_recall_at_10_diff1": -0.022128,
        "nauc_recall_at_20_max": 0.076335,
        "nauc_recall_at_20_std": 0.130687,
        "nauc_recall_at_20_diff1": -0.005424,
        "nauc_recall_at_100_max": 0.186513,
        "nauc_recall_at_100_std": 0.282791,
        "nauc_recall_at_100_diff1": -0.037269,
        "nauc_recall_at_1000_max": 0.032602,
        "nauc_recall_at_1000_std": 0.178963,
        "nauc_recall_at_1000_diff1": -0.191963,
        "nauc_precision_at_1_max": -0.075104,
        "nauc_precision_at_1_std": -0.021791,
        "nauc_precision_at_1_diff1": 0.043979,
        "nauc_precision_at_3_max": -0.060213,
        "nauc_precision_at_3_std": 0.008767,
        "nauc_precision_at_3_diff1": -0.003418,
        "nauc_precision_at_5_max": -0.036795,
        "nauc_precision_at_5_std": 0.013733,
        "nauc_precision_at_5_diff1": -0.005444,
        "nauc_precision_at_10_max": -0.006044,
        "nauc_precision_at_10_std": 0.071851,
        "nauc_precision_at_10_diff1": -0.022128,
        "nauc_precision_at_20_max": 0.076335,
        "nauc_precision_at_20_std": 0.130687,
        "nauc_precision_at_20_diff1": -0.005424,
        "nauc_precision_at_100_max": 0.186513,
        "nauc_precision_at_100_std": 0.282791,
        "nauc_precision_at_100_diff1": -0.037269,
        "nauc_precision_at_1000_max": 0.032602,
        "nauc_precision_at_1000_std": 0.178963,
        "nauc_precision_at_1000_diff1": -0.191963,
        "nauc_mrr_at_1_max": -0.076226,
        "nauc_mrr_at_1_std": -0.024512,
        "nauc_mrr_at_1_diff1": 0.035232,
        "nauc_mrr_at_3_max": -0.078724,
        "nauc_mrr_at_3_std": -0.015707,
        "nauc_mrr_at_3_diff1": 0.007553,
        "nauc_mrr_at_5_max": -0.070511,
        "nauc_mrr_at_5_std": -0.010535,
        "nauc_mrr_at_5_diff1": 0.009473,
        "nauc_mrr_at_10_max": -0.067092,
        "nauc_mrr_at_10_std": -0.002775,
        "nauc_mrr_at_10_diff1": 0.007685,
        "nauc_mrr_at_20_max": -0.064021,
        "nauc_mrr_at_20_std": -0.001425,
        "nauc_mrr_at_20_diff1": 0.008887,
        "nauc_mrr_at_100_max": -0.064688,
        "nauc_mrr_at_100_std": -0.001091,
        "nauc_mrr_at_100_diff1": 0.009105,
        "nauc_mrr_at_1000_max": -0.065019,
        "nauc_mrr_at_1000_std": -0.001488,
        "nauc_mrr_at_1000_diff1": 0.00912,
        "main_score": 0.36197,
        "hf_subset": "default",
        "languages": [
          "eng-Latn"
        ]
      }
    ]
  },
  "evaluation_time": 329.3580255508423,
  "kg_co2_emissions": null
}