{
  "dataset_revision": "6c6430d3a6d36f8d2a829195bc5dc94d7e063e53",
  "task_name": "CQADupstackUnixRetrieval",
  "mteb_version": "1.36.15",
  "scores": {
    "test": [
      {
        "ndcg_at_1": 0.06716,
        "ndcg_at_3": 0.08106,
        "ndcg_at_5": 0.08921,
        "ndcg_at_10": 0.09963,
        "ndcg_at_20": 0.11258,
        "ndcg_at_100": 0.1424,
        "ndcg_at_1000": 0.17505,
        "map_at_1": 0.05646,
        "map_at_3": 0.07181,
        "map_at_5": 0.07661,
        "map_at_10": 0.081,
        "map_at_20": 0.08453,
        "map_at_100": 0.08851,
        "map_at_1000": 0.08969,
        "recall_at_1": 0.05646,
        "recall_at_3": 0.09067,
        "recall_at_5": 0.11159,
        "recall_at_10": 0.14165,
        "recall_at_20": 0.18869,
        "recall_at_100": 0.33949,
        "recall_at_1000": 0.58308,
        "precision_at_1": 0.06716,
        "precision_at_3": 0.03731,
        "precision_at_5": 0.02799,
        "precision_at_10": 0.01856,
        "precision_at_20": 0.01283,
        "precision_at_100": 0.00476,
        "precision_at_1000": 0.00085,
        "mrr_at_1": 0.067164,
        "mrr_at_3": 0.086132,
        "mrr_at_5": 0.091729,
        "mrr_at_10": 0.097178,
        "mrr_at_20": 0.101133,
        "mrr_at_100": 0.105325,
        "mrr_at_1000": 0.106269,
        "nauc_ndcg_at_1_max": 0.148594,
        "nauc_ndcg_at_1_std": 0.073515,
        "nauc_ndcg_at_1_diff1": 0.422477,
        "nauc_ndcg_at_3_max": 0.126214,
        "nauc_ndcg_at_3_std": 0.068029,
        "nauc_ndcg_at_3_diff1": 0.279296,
        "nauc_ndcg_at_5_max": 0.106118,
        "nauc_ndcg_at_5_std": 0.057965,
        "nauc_ndcg_at_5_diff1": 0.2633,
        "nauc_ndcg_at_10_max": 0.099306,
        "nauc_ndcg_at_10_std": 0.049797,
        "nauc_ndcg_at_10_diff1": 0.246614,
        "nauc_ndcg_at_20_max": 0.102351,
        "nauc_ndcg_at_20_std": 0.066978,
        "nauc_ndcg_at_20_diff1": 0.229702,
        "nauc_ndcg_at_100_max": 0.104332,
        "nauc_ndcg_at_100_std": 0.082435,
        "nauc_ndcg_at_100_diff1": 0.204655,
        "nauc_ndcg_at_1000_max": 0.10951,
        "nauc_ndcg_at_1000_std": 0.077068,
        "nauc_ndcg_at_1000_diff1": 0.205684,
        "nauc_map_at_1_max": 0.143751,
        "nauc_map_at_1_std": 0.077603,
        "nauc_map_at_1_diff1": 0.429547,
        "nauc_map_at_3_max": 0.132045,
        "nauc_map_at_3_std": 0.070049,
        "nauc_map_at_3_diff1": 0.30764,
        "nauc_map_at_5_max": 0.120978,
        "nauc_map_at_5_std": 0.064439,
        "nauc_map_at_5_diff1": 0.298577,
        "nauc_map_at_10_max": 0.117053,
        "nauc_map_at_10_std": 0.060391,
        "nauc_map_at_10_diff1": 0.289329,
        "nauc_map_at_20_max": 0.117637,
        "nauc_map_at_20_std": 0.066602,
        "nauc_map_at_20_diff1": 0.283235,
        "nauc_map_at_100_max": 0.116917,
        "nauc_map_at_100_std": 0.070337,
        "nauc_map_at_100_diff1": 0.2784,
        "nauc_map_at_1000_max": 0.116967,
        "nauc_map_at_1000_std": 0.070221,
        "nauc_map_at_1000_diff1": 0.278229,
        "nauc_recall_at_1_max": 0.143751,
        "nauc_recall_at_1_std": 0.077603,
        "nauc_recall_at_1_diff1": 0.429547,
        "nauc_recall_at_3_max": 0.114331,
        "nauc_recall_at_3_std": 0.063404,
        "nauc_recall_at_3_diff1": 0.215139,
        "nauc_recall_at_5_max": 0.081007,
        "nauc_recall_at_5_std": 0.045402,
        "nauc_recall_at_5_diff1": 0.189683,
        "nauc_recall_at_10_max": 0.072707,
        "nauc_recall_at_10_std": 0.02986,
        "nauc_recall_at_10_diff1": 0.163015,
        "nauc_recall_at_20_max": 0.081285,
        "nauc_recall_at_20_std": 0.070724,
        "nauc_recall_at_20_diff1": 0.133439,
        "nauc_recall_at_100_max": 0.088085,
        "nauc_recall_at_100_std": 0.109659,
        "nauc_recall_at_100_diff1": 0.075331,
        "nauc_recall_at_1000_max": 0.11081,
        "nauc_recall_at_1000_std": 0.09515,
        "nauc_recall_at_1000_diff1": 0.071946,
        "nauc_precision_at_1_max": 0.148594,
        "nauc_precision_at_1_std": 0.073515,
        "nauc_precision_at_1_diff1": 0.422477,
        "nauc_precision_at_3_max": 0.112045,
        "nauc_precision_at_3_std": 0.060271,
        "nauc_precision_at_3_diff1": 0.210182,
        "nauc_precision_at_5_max": 0.072137,
        "nauc_precision_at_5_std": 0.045886,
        "nauc_precision_at_5_diff1": 0.188217,
        "nauc_precision_at_10_max": 0.060515,
        "nauc_precision_at_10_std": 0.044889,
        "nauc_precision_at_10_diff1": 0.172444,
        "nauc_precision_at_20_max": 0.084571,
        "nauc_precision_at_20_std": 0.099999,
        "nauc_precision_at_20_diff1": 0.149174,
        "nauc_precision_at_100_max": 0.103946,
        "nauc_precision_at_100_std": 0.12855,
        "nauc_precision_at_100_diff1": 0.086293,
        "nauc_precision_at_1000_max": 0.097573,
        "nauc_precision_at_1000_std": 0.052227,
        "nauc_precision_at_1000_diff1": 0.050584,
        "nauc_mrr_at_1_max": 0.148594,
        "nauc_mrr_at_1_std": 0.073515,
        "nauc_mrr_at_1_diff1": 0.422477,
        "nauc_mrr_at_3_max": 0.121859,
        "nauc_mrr_at_3_std": 0.062197,
        "nauc_mrr_at_3_diff1": 0.303756,
        "nauc_mrr_at_5_max": 0.111311,
        "nauc_mrr_at_5_std": 0.056243,
        "nauc_mrr_at_5_diff1": 0.291948,
        "nauc_mrr_at_10_max": 0.105774,
        "nauc_mrr_at_10_std": 0.052749,
        "nauc_mrr_at_10_diff1": 0.283069,
        "nauc_mrr_at_20_max": 0.106481,
        "nauc_mrr_at_20_std": 0.057303,
        "nauc_mrr_at_20_diff1": 0.275001,
        "nauc_mrr_at_100_max": 0.106308,
        "nauc_mrr_at_100_std": 0.057913,
        "nauc_mrr_at_100_diff1": 0.270404,
        "nauc_mrr_at_1000_max": 0.106348,
        "nauc_mrr_at_1000_std": 0.057989,
        "nauc_mrr_at_1000_diff1": 0.270555,
        "main_score": 0.09963,
        "hf_subset": "default",
        "languages": [
          "eng-Latn"
        ]
      }
    ]
  },
  "evaluation_time": 1570.3452887535095,
  "kg_co2_emissions": null
}