{
  "dataset_revision": "65ac3a16b8e91f9cee4c9828cc7c335575432a2a",
  "task_name": "CQADupstackStatsRetrieval",
  "mteb_version": "1.36.15",
  "scores": {
    "test": [
      {
        "ndcg_at_1": 0.03834,
        "ndcg_at_3": 0.05549,
        "ndcg_at_5": 0.06352,
        "ndcg_at_10": 0.07309,
        "ndcg_at_20": 0.08031,
        "ndcg_at_100": 0.102,
        "ndcg_at_1000": 0.1309,
        "map_at_1": 0.03286,
        "map_at_3": 0.04725,
        "map_at_5": 0.05199,
        "map_at_10": 0.056,
        "map_at_20": 0.05788,
        "map_at_100": 0.06094,
        "map_at_1000": 0.06193,
        "recall_at_1": 0.03286,
        "recall_at_3": 0.06649,
        "recall_at_5": 0.08668,
        "recall_at_10": 0.11435,
        "recall_at_20": 0.14266,
        "recall_at_100": 0.2531,
        "recall_at_1000": 0.47296,
        "precision_at_1": 0.03834,
        "precision_at_3": 0.02863,
        "precision_at_5": 0.02209,
        "precision_at_10": 0.01518,
        "precision_at_20": 0.00928,
        "precision_at_100": 0.00337,
        "precision_at_1000": 0.00065,
        "mrr_at_1": 0.038344,
        "mrr_at_3": 0.058027,
        "mrr_at_5": 0.062781,
        "mrr_at_10": 0.067065,
        "mrr_at_20": 0.069117,
        "mrr_at_100": 0.072044,
        "mrr_at_1000": 0.07302,
        "nauc_ndcg_at_1_max": 0.175033,
        "nauc_ndcg_at_1_std": -0.014958,
        "nauc_ndcg_at_1_diff1": 0.302708,
        "nauc_ndcg_at_3_max": 0.18882,
        "nauc_ndcg_at_3_std": 0.059678,
        "nauc_ndcg_at_3_diff1": 0.267137,
        "nauc_ndcg_at_5_max": 0.175367,
        "nauc_ndcg_at_5_std": 0.060478,
        "nauc_ndcg_at_5_diff1": 0.238462,
        "nauc_ndcg_at_10_max": 0.155789,
        "nauc_ndcg_at_10_std": 0.056555,
        "nauc_ndcg_at_10_diff1": 0.223967,
        "nauc_ndcg_at_20_max": 0.131226,
        "nauc_ndcg_at_20_std": 0.073951,
        "nauc_ndcg_at_20_diff1": 0.206257,
        "nauc_ndcg_at_100_max": 0.142389,
        "nauc_ndcg_at_100_std": 0.103737,
        "nauc_ndcg_at_100_diff1": 0.197515,
        "nauc_ndcg_at_1000_max": 0.125491,
        "nauc_ndcg_at_1000_std": 0.124444,
        "nauc_ndcg_at_1000_diff1": 0.17553,
        "nauc_map_at_1_max": 0.150086,
        "nauc_map_at_1_std": -0.007448,
        "nauc_map_at_1_diff1": 0.304395,
        "nauc_map_at_3_max": 0.17183,
        "nauc_map_at_3_std": 0.045003,
        "nauc_map_at_3_diff1": 0.281463,
        "nauc_map_at_5_max": 0.166234,
        "nauc_map_at_5_std": 0.046495,
        "nauc_map_at_5_diff1": 0.25874,
        "nauc_map_at_10_max": 0.158428,
        "nauc_map_at_10_std": 0.044093,
        "nauc_map_at_10_diff1": 0.249647,
        "nauc_map_at_20_max": 0.149881,
        "nauc_map_at_20_std": 0.050184,
        "nauc_map_at_20_diff1": 0.242844,
        "nauc_map_at_100_max": 0.153002,
        "nauc_map_at_100_std": 0.057638,
        "nauc_map_at_100_diff1": 0.240127,
        "nauc_map_at_1000_max": 0.151977,
        "nauc_map_at_1000_std": 0.058889,
        "nauc_map_at_1000_diff1": 0.23853,
        "nauc_recall_at_1_max": 0.150086,
        "nauc_recall_at_1_std": -0.007448,
        "nauc_recall_at_1_diff1": 0.304395,
        "nauc_recall_at_3_max": 0.196253,
        "nauc_recall_at_3_std": 0.091075,
        "nauc_recall_at_3_diff1": 0.270652,
        "nauc_recall_at_5_max": 0.164446,
        "nauc_recall_at_5_std": 0.08446,
        "nauc_recall_at_5_diff1": 0.207718,
        "nauc_recall_at_10_max": 0.129814,
        "nauc_recall_at_10_std": 0.060492,
        "nauc_recall_at_10_diff1": 0.176522,
        "nauc_recall_at_20_max": 0.078407,
        "nauc_recall_at_20_std": 0.095493,
        "nauc_recall_at_20_diff1": 0.146,
        "nauc_recall_at_100_max": 0.110246,
        "nauc_recall_at_100_std": 0.158768,
        "nauc_recall_at_100_diff1": 0.14442,
        "nauc_recall_at_1000_max": 0.051523,
        "nauc_recall_at_1000_std": 0.223231,
        "nauc_recall_at_1000_diff1": 0.077964,
        "nauc_precision_at_1_max": 0.175033,
        "nauc_precision_at_1_std": -0.014958,
        "nauc_precision_at_1_diff1": 0.302708,
        "nauc_precision_at_3_max": 0.22911,
        "nauc_precision_at_3_std": 0.096495,
        "nauc_precision_at_3_diff1": 0.257202,
        "nauc_precision_at_5_max": 0.216911,
        "nauc_precision_at_5_std": 0.08976,
        "nauc_precision_at_5_diff1": 0.20957,
        "nauc_precision_at_10_max": 0.160565,
        "nauc_precision_at_10_std": 0.104699,
        "nauc_precision_at_10_diff1": 0.169978,
        "nauc_precision_at_20_max": 0.1057,
        "nauc_precision_at_20_std": 0.145892,
        "nauc_precision_at_20_diff1": 0.136597,
        "nauc_precision_at_100_max": 0.146038,
        "nauc_precision_at_100_std": 0.204414,
        "nauc_precision_at_100_diff1": 0.115366,
        "nauc_precision_at_1000_max": 0.096389,
        "nauc_precision_at_1000_std": 0.211118,
        "nauc_precision_at_1000_diff1": 0.030875,
        "nauc_mrr_at_1_max": 0.175033,
        "nauc_mrr_at_1_std": -0.014958,
        "nauc_mrr_at_1_diff1": 0.302708,
        "nauc_mrr_at_3_max": 0.203528,
        "nauc_mrr_at_3_std": 0.048023,
        "nauc_mrr_at_3_diff1": 0.265622,
        "nauc_mrr_at_5_max": 0.194849,
        "nauc_mrr_at_5_std": 0.047883,
        "nauc_mrr_at_5_diff1": 0.245802,
        "nauc_mrr_at_10_max": 0.181978,
        "nauc_mrr_at_10_std": 0.047276,
        "nauc_mrr_at_10_diff1": 0.240767,
        "nauc_mrr_at_20_max": 0.173591,
        "nauc_mrr_at_20_std": 0.053307,
        "nauc_mrr_at_20_diff1": 0.23255,
        "nauc_mrr_at_100_max": 0.175381,
        "nauc_mrr_at_100_std": 0.056586,
        "nauc_mrr_at_100_diff1": 0.229357,
        "nauc_mrr_at_1000_max": 0.17477,
        "nauc_mrr_at_1000_std": 0.057285,
        "nauc_mrr_at_1000_diff1": 0.228325,
        "main_score": 0.07309,
        "hf_subset": "default",
        "languages": [
          "eng-Latn"
        ]
      }
    ]
  },
  "evaluation_time": 1400.6284410953522,
  "kg_co2_emissions": null
}