{
  "dataset_revision": "6184bc1440d2dbc7612be22b50686b8826d22b32",
  "task_name": "CQADupstackProgrammersRetrieval",
  "mteb_version": "1.36.15",
  "scores": {
    "test": [
      {
        "ndcg_at_1": 0.06164,
        "ndcg_at_3": 0.08057,
        "ndcg_at_5": 0.09058,
        "ndcg_at_10": 0.10756,
        "ndcg_at_20": 0.12041,
        "ndcg_at_100": 0.14928,
        "ndcg_at_1000": 0.19248,
        "map_at_1": 0.05119,
        "map_at_3": 0.06975,
        "map_at_5": 0.07564,
        "map_at_10": 0.08258,
        "map_at_20": 0.08599,
        "map_at_100": 0.09,
        "map_at_1000": 0.09151,
        "recall_at_1": 0.05119,
        "recall_at_3": 0.09368,
        "recall_at_5": 0.11849,
        "recall_at_10": 0.17047,
        "recall_at_20": 0.21843,
        "recall_at_100": 0.36139,
        "recall_at_1000": 0.67415,
        "precision_at_1": 0.06164,
        "precision_at_3": 0.03957,
        "precision_at_5": 0.03037,
        "precision_at_10": 0.02203,
        "precision_at_20": 0.0145,
        "precision_at_100": 0.0051,
        "precision_at_1000": 0.00109,
        "mrr_at_1": 0.061644,
        "mrr_at_3": 0.084475,
        "mrr_at_5": 0.091324,
        "mrr_at_10": 0.099285,
        "mrr_at_20": 0.103092,
        "mrr_at_100": 0.107324,
        "mrr_at_1000": 0.108571,
        "nauc_ndcg_at_1_max": 0.135233,
        "nauc_ndcg_at_1_std": 0.098814,
        "nauc_ndcg_at_1_diff1": 0.315403,
        "nauc_ndcg_at_3_max": 0.14325,
        "nauc_ndcg_at_3_std": 0.07835,
        "nauc_ndcg_at_3_diff1": 0.238887,
        "nauc_ndcg_at_5_max": 0.13712,
        "nauc_ndcg_at_5_std": 0.079107,
        "nauc_ndcg_at_5_diff1": 0.217978,
        "nauc_ndcg_at_10_max": 0.106009,
        "nauc_ndcg_at_10_std": 0.089185,
        "nauc_ndcg_at_10_diff1": 0.18268,
        "nauc_ndcg_at_20_max": 0.108214,
        "nauc_ndcg_at_20_std": 0.104976,
        "nauc_ndcg_at_20_diff1": 0.171267,
        "nauc_ndcg_at_100_max": 0.123726,
        "nauc_ndcg_at_100_std": 0.111935,
        "nauc_ndcg_at_100_diff1": 0.152638,
        "nauc_ndcg_at_1000_max": 0.139309,
        "nauc_ndcg_at_1000_std": 0.127152,
        "nauc_ndcg_at_1000_diff1": 0.158873,
        "nauc_map_at_1_max": 0.132506,
        "nauc_map_at_1_std": 0.047501,
        "nauc_map_at_1_diff1": 0.291533,
        "nauc_map_at_3_max": 0.14296,
        "nauc_map_at_3_std": 0.0547,
        "nauc_map_at_3_diff1": 0.242895,
        "nauc_map_at_5_max": 0.140817,
        "nauc_map_at_5_std": 0.059925,
        "nauc_map_at_5_diff1": 0.230747,
        "nauc_map_at_10_max": 0.125925,
        "nauc_map_at_10_std": 0.070257,
        "nauc_map_at_10_diff1": 0.212784,
        "nauc_map_at_20_max": 0.125951,
        "nauc_map_at_20_std": 0.076999,
        "nauc_map_at_20_diff1": 0.208381,
        "nauc_map_at_100_max": 0.129098,
        "nauc_map_at_100_std": 0.079004,
        "nauc_map_at_100_diff1": 0.204586,
        "nauc_map_at_1000_max": 0.129972,
        "nauc_map_at_1000_std": 0.079915,
        "nauc_map_at_1000_diff1": 0.205109,
        "nauc_recall_at_1_max": 0.132506,
        "nauc_recall_at_1_std": 0.047501,
        "nauc_recall_at_1_diff1": 0.291533,
        "nauc_recall_at_3_max": 0.14216,
        "nauc_recall_at_3_std": 0.07483,
        "nauc_recall_at_3_diff1": 0.208606,
        "nauc_recall_at_5_max": 0.13339,
        "nauc_recall_at_5_std": 0.080992,
        "nauc_recall_at_5_diff1": 0.172682,
        "nauc_recall_at_10_max": 0.076774,
        "nauc_recall_at_10_std": 0.108016,
        "nauc_recall_at_10_diff1": 0.112669,
        "nauc_recall_at_20_max": 0.080468,
        "nauc_recall_at_20_std": 0.13268,
        "nauc_recall_at_20_diff1": 0.090576,
        "nauc_recall_at_100_max": 0.110578,
        "nauc_recall_at_100_std": 0.143307,
        "nauc_recall_at_100_diff1": 0.03816,
        "nauc_recall_at_1000_max": 0.159164,
        "nauc_recall_at_1000_std": 0.218243,
        "nauc_recall_at_1000_diff1": 0.014999,
        "nauc_precision_at_1_max": 0.135233,
        "nauc_precision_at_1_std": 0.098814,
        "nauc_precision_at_1_diff1": 0.315403,
        "nauc_precision_at_3_max": 0.135169,
        "nauc_precision_at_3_std": 0.097855,
        "nauc_precision_at_3_diff1": 0.213681,
        "nauc_precision_at_5_max": 0.121839,
        "nauc_precision_at_5_std": 0.10871,
        "nauc_precision_at_5_diff1": 0.196607,
        "nauc_precision_at_10_max": 0.071583,
        "nauc_precision_at_10_std": 0.122839,
        "nauc_precision_at_10_diff1": 0.149245,
        "nauc_precision_at_20_max": 0.086127,
        "nauc_precision_at_20_std": 0.162492,
        "nauc_precision_at_20_diff1": 0.125304,
        "nauc_precision_at_100_max": 0.165915,
        "nauc_precision_at_100_std": 0.150546,
        "nauc_precision_at_100_diff1": 0.113013,
        "nauc_precision_at_1000_max": 0.178661,
        "nauc_precision_at_1000_std": 0.130005,
        "nauc_precision_at_1000_diff1": 0.109907,
        "nauc_mrr_at_1_max": 0.135233,
        "nauc_mrr_at_1_std": 0.098814,
        "nauc_mrr_at_1_diff1": 0.315403,
        "nauc_mrr_at_3_max": 0.133286,
        "nauc_mrr_at_3_std": 0.101663,
        "nauc_mrr_at_3_diff1": 0.257754,
        "nauc_mrr_at_5_max": 0.128898,
        "nauc_mrr_at_5_std": 0.104391,
        "nauc_mrr_at_5_diff1": 0.245231,
        "nauc_mrr_at_10_max": 0.113628,
        "nauc_mrr_at_10_std": 0.104924,
        "nauc_mrr_at_10_diff1": 0.230364,
        "nauc_mrr_at_20_max": 0.114887,
        "nauc_mrr_at_20_std": 0.110241,
        "nauc_mrr_at_20_diff1": 0.2263,
        "nauc_mrr_at_100_max": 0.118751,
        "nauc_mrr_at_100_std": 0.110796,
        "nauc_mrr_at_100_diff1": 0.224628,
        "nauc_mrr_at_1000_max": 0.119028,
        "nauc_mrr_at_1000_std": 0.111225,
        "nauc_mrr_at_1000_diff1": 0.224894,
        "main_score": 0.10756,
        "hf_subset": "default",
        "languages": [
          "eng-Latn"
        ]
      }
    ]
  },
  "evaluation_time": 1067.2480132579803,
  "kg_co2_emissions": null
}