{
  "dataset_revision": "5003b3064772da1887988e05400cf3806fe491f2",
  "task_name": "CQADupstackGisRetrieval",
  "mteb_version": "1.36.15",
  "scores": {
    "test": [
      {
        "ndcg_at_1": 0.04972,
        "ndcg_at_3": 0.06222,
        "ndcg_at_5": 0.07358,
        "ndcg_at_10": 0.08434,
        "ndcg_at_20": 0.09187,
        "ndcg_at_100": 0.11431,
        "ndcg_at_1000": 0.14792,
        "map_at_1": 0.04576,
        "map_at_3": 0.05716,
        "map_at_5": 0.06325,
        "map_at_10": 0.06763,
        "map_at_20": 0.06956,
        "map_at_100": 0.07252,
        "map_at_1000": 0.07357,
        "recall_at_1": 0.04576,
        "recall_at_3": 0.07401,
        "recall_at_5": 0.10094,
        "recall_at_10": 0.13299,
        "recall_at_20": 0.16175,
        "recall_at_100": 0.28,
        "recall_at_1000": 0.54543,
        "precision_at_1": 0.04972,
        "precision_at_3": 0.02637,
        "precision_at_5": 0.02192,
        "precision_at_10": 0.0148,
        "precision_at_20": 0.00921,
        "precision_at_100": 0.00329,
        "precision_at_1000": 0.00066,
        "mrr_at_1": 0.049718,
        "mrr_at_3": 0.060829,
        "mrr_at_5": 0.067721,
        "mrr_at_10": 0.072569,
        "mrr_at_20": 0.074902,
        "mrr_at_100": 0.07786,
        "mrr_at_1000": 0.078889,
        "nauc_ndcg_at_1_max": 0.14236,
        "nauc_ndcg_at_1_std": 0.148561,
        "nauc_ndcg_at_1_diff1": 0.209233,
        "nauc_ndcg_at_3_max": 0.126378,
        "nauc_ndcg_at_3_std": 0.114033,
        "nauc_ndcg_at_3_diff1": 0.180469,
        "nauc_ndcg_at_5_max": 0.0893,
        "nauc_ndcg_at_5_std": 0.106418,
        "nauc_ndcg_at_5_diff1": 0.165851,
        "nauc_ndcg_at_10_max": 0.09993,
        "nauc_ndcg_at_10_std": 0.102973,
        "nauc_ndcg_at_10_diff1": 0.166865,
        "nauc_ndcg_at_20_max": 0.088468,
        "nauc_ndcg_at_20_std": 0.109092,
        "nauc_ndcg_at_20_diff1": 0.151235,
        "nauc_ndcg_at_100_max": 0.088731,
        "nauc_ndcg_at_100_std": 0.122649,
        "nauc_ndcg_at_100_diff1": 0.141297,
        "nauc_ndcg_at_1000_max": 0.083736,
        "nauc_ndcg_at_1000_std": 0.13336,
        "nauc_ndcg_at_1000_diff1": 0.13434,
        "nauc_map_at_1_max": 0.135905,
        "nauc_map_at_1_std": 0.133334,
        "nauc_map_at_1_diff1": 0.221456,
        "nauc_map_at_3_max": 0.131301,
        "nauc_map_at_3_std": 0.1186,
        "nauc_map_at_3_diff1": 0.191666,
        "nauc_map_at_5_max": 0.107302,
        "nauc_map_at_5_std": 0.113173,
        "nauc_map_at_5_diff1": 0.181299,
        "nauc_map_at_10_max": 0.111379,
        "nauc_map_at_10_std": 0.11188,
        "nauc_map_at_10_diff1": 0.181236,
        "nauc_map_at_20_max": 0.106684,
        "nauc_map_at_20_std": 0.113326,
        "nauc_map_at_20_diff1": 0.175344,
        "nauc_map_at_100_max": 0.108072,
        "nauc_map_at_100_std": 0.116751,
        "nauc_map_at_100_diff1": 0.174201,
        "nauc_map_at_1000_max": 0.107883,
        "nauc_map_at_1000_std": 0.117676,
        "nauc_map_at_1000_diff1": 0.174083,
        "nauc_recall_at_1_max": 0.135905,
        "nauc_recall_at_1_std": 0.133334,
        "nauc_recall_at_1_diff1": 0.221456,
        "nauc_recall_at_3_max": 0.113118,
        "nauc_recall_at_3_std": 0.095518,
        "nauc_recall_at_3_diff1": 0.158869,
        "nauc_recall_at_5_max": 0.050718,
        "nauc_recall_at_5_std": 0.084893,
        "nauc_recall_at_5_diff1": 0.141123,
        "nauc_recall_at_10_max": 0.075635,
        "nauc_recall_at_10_std": 0.079126,
        "nauc_recall_at_10_diff1": 0.143595,
        "nauc_recall_at_20_max": 0.048956,
        "nauc_recall_at_20_std": 0.095484,
        "nauc_recall_at_20_diff1": 0.111601,
        "nauc_recall_at_100_max": 0.04382,
        "nauc_recall_at_100_std": 0.127317,
        "nauc_recall_at_100_diff1": 0.086311,
        "nauc_recall_at_1000_max": 0.009299,
        "nauc_recall_at_1000_std": 0.1564,
        "nauc_recall_at_1000_diff1": 0.063318,
        "nauc_precision_at_1_max": 0.14236,
        "nauc_precision_at_1_std": 0.148561,
        "nauc_precision_at_1_diff1": 0.209233,
        "nauc_precision_at_3_max": 0.130985,
        "nauc_precision_at_3_std": 0.115091,
        "nauc_precision_at_3_diff1": 0.163927,
        "nauc_precision_at_5_max": 0.065905,
        "nauc_precision_at_5_std": 0.104337,
        "nauc_precision_at_5_diff1": 0.140569,
        "nauc_precision_at_10_max": 0.099137,
        "nauc_precision_at_10_std": 0.10223,
        "nauc_precision_at_10_diff1": 0.145958,
        "nauc_precision_at_20_max": 0.086635,
        "nauc_precision_at_20_std": 0.129321,
        "nauc_precision_at_20_diff1": 0.110274,
        "nauc_precision_at_100_max": 0.10659,
        "nauc_precision_at_100_std": 0.167746,
        "nauc_precision_at_100_diff1": 0.109892,
        "nauc_precision_at_1000_max": 0.117493,
        "nauc_precision_at_1000_std": 0.200003,
        "nauc_precision_at_1000_diff1": 0.044338,
        "nauc_mrr_at_1_max": 0.14236,
        "nauc_mrr_at_1_std": 0.148561,
        "nauc_mrr_at_1_diff1": 0.209233,
        "nauc_mrr_at_3_max": 0.132842,
        "nauc_mrr_at_3_std": 0.129474,
        "nauc_mrr_at_3_diff1": 0.182986,
        "nauc_mrr_at_5_max": 0.109152,
        "nauc_mrr_at_5_std": 0.12472,
        "nauc_mrr_at_5_diff1": 0.171062,
        "nauc_mrr_at_10_max": 0.116799,
        "nauc_mrr_at_10_std": 0.122514,
        "nauc_mrr_at_10_diff1": 0.173591,
        "nauc_mrr_at_20_max": 0.114518,
        "nauc_mrr_at_20_std": 0.12449,
        "nauc_mrr_at_20_diff1": 0.167901,
        "nauc_mrr_at_100_max": 0.115953,
        "nauc_mrr_at_100_std": 0.126136,
        "nauc_mrr_at_100_diff1": 0.16592,
        "nauc_mrr_at_1000_max": 0.115538,
        "nauc_mrr_at_1000_std": 0.126833,
        "nauc_mrr_at_1000_diff1": 0.165788,
        "main_score": 0.08434,
        "hf_subset": "default",
        "languages": [
          "eng-Latn"
        ]
      }
    ]
  },
  "evaluation_time": 1248.0301773548126,
  "kg_co2_emissions": null
}