{
  "dataset_revision": "160c094312a0e1facb97e55eeddb698c0abe3571",
  "task_name": "CQADupstackWebmastersRetrieval",
  "mteb_version": "1.36.15",
  "scores": {
    "test": [
      {
        "ndcg_at_1": 0.07115,
        "ndcg_at_3": 0.09108,
        "ndcg_at_5": 0.10424,
        "ndcg_at_10": 0.117,
        "ndcg_at_20": 0.13061,
        "ndcg_at_100": 0.16855,
        "ndcg_at_1000": 0.20981,
        "map_at_1": 0.04639,
        "map_at_3": 0.07123,
        "map_at_5": 0.07979,
        "map_at_10": 0.08598,
        "map_at_20": 0.09016,
        "map_at_100": 0.0957,
        "map_at_1000": 0.0976,
        "recall_at_1": 0.04639,
        "recall_at_3": 0.09944,
        "recall_at_5": 0.13701,
        "recall_at_10": 0.17911,
        "recall_at_20": 0.23326,
        "recall_at_100": 0.42784,
        "recall_at_1000": 0.71992,
        "precision_at_1": 0.07115,
        "precision_at_3": 0.04941,
        "precision_at_5": 0.03953,
        "precision_at_10": 0.02688,
        "precision_at_20": 0.01808,
        "precision_at_100": 0.00773,
        "precision_at_1000": 0.0017,
        "mrr_at_1": 0.071146,
        "mrr_at_3": 0.10112,
        "mrr_at_5": 0.109914,
        "mrr_at_10": 0.115915,
        "mrr_at_20": 0.120465,
        "mrr_at_100": 0.125756,
        "mrr_at_1000": 0.126853,
        "nauc_ndcg_at_1_max": 0.116707,
        "nauc_ndcg_at_1_std": 0.097732,
        "nauc_ndcg_at_1_diff1": 0.316567,
        "nauc_ndcg_at_3_max": 0.165409,
        "nauc_ndcg_at_3_std": 0.124513,
        "nauc_ndcg_at_3_diff1": 0.178948,
        "nauc_ndcg_at_5_max": 0.149638,
        "nauc_ndcg_at_5_std": 0.114091,
        "nauc_ndcg_at_5_diff1": 0.16835,
        "nauc_ndcg_at_10_max": 0.149592,
        "nauc_ndcg_at_10_std": 0.102698,
        "nauc_ndcg_at_10_diff1": 0.156032,
        "nauc_ndcg_at_20_max": 0.133156,
        "nauc_ndcg_at_20_std": 0.096587,
        "nauc_ndcg_at_20_diff1": 0.159949,
        "nauc_ndcg_at_100_max": 0.142051,
        "nauc_ndcg_at_100_std": 0.111268,
        "nauc_ndcg_at_100_diff1": 0.127749,
        "nauc_ndcg_at_1000_max": 0.156333,
        "nauc_ndcg_at_1000_std": 0.135125,
        "nauc_ndcg_at_1000_diff1": 0.158072,
        "nauc_map_at_1_max": 0.134844,
        "nauc_map_at_1_std": 0.024024,
        "nauc_map_at_1_diff1": 0.367344,
        "nauc_map_at_3_max": 0.162258,
        "nauc_map_at_3_std": 0.083917,
        "nauc_map_at_3_diff1": 0.206343,
        "nauc_map_at_5_max": 0.148803,
        "nauc_map_at_5_std": 0.083114,
        "nauc_map_at_5_diff1": 0.196112,
        "nauc_map_at_10_max": 0.150597,
        "nauc_map_at_10_std": 0.081867,
        "nauc_map_at_10_diff1": 0.191588,
        "nauc_map_at_20_max": 0.147022,
        "nauc_map_at_20_std": 0.081595,
        "nauc_map_at_20_diff1": 0.193092,
        "nauc_map_at_100_max": 0.146954,
        "nauc_map_at_100_std": 0.086854,
        "nauc_map_at_100_diff1": 0.185325,
        "nauc_map_at_1000_max": 0.146248,
        "nauc_map_at_1000_std": 0.091637,
        "nauc_map_at_1000_diff1": 0.187486,
        "nauc_recall_at_1_max": 0.134844,
        "nauc_recall_at_1_std": 0.024024,
        "nauc_recall_at_1_diff1": 0.367344,
        "nauc_recall_at_3_max": 0.16653,
        "nauc_recall_at_3_std": 0.117437,
        "nauc_recall_at_3_diff1": 0.099292,
        "nauc_recall_at_5_max": 0.126903,
        "nauc_recall_at_5_std": 0.098174,
        "nauc_recall_at_5_diff1": 0.086015,
        "nauc_recall_at_10_max": 0.132814,
        "nauc_recall_at_10_std": 0.088599,
        "nauc_recall_at_10_diff1": 0.081677,
        "nauc_recall_at_20_max": 0.086025,
        "nauc_recall_at_20_std": 0.085291,
        "nauc_recall_at_20_diff1": 0.098824,
        "nauc_recall_at_100_max": 0.115433,
        "nauc_recall_at_100_std": 0.127937,
        "nauc_recall_at_100_diff1": -2.1e-05,
        "nauc_recall_at_1000_max": 0.217152,
        "nauc_recall_at_1000_std": 0.272132,
        "nauc_recall_at_1000_diff1": 0.117464,
        "nauc_precision_at_1_max": 0.116707,
        "nauc_precision_at_1_std": 0.097732,
        "nauc_precision_at_1_diff1": 0.316567,
        "nauc_precision_at_3_max": 0.200438,
        "nauc_precision_at_3_std": 0.16855,
        "nauc_precision_at_3_diff1": 0.152961,
        "nauc_precision_at_5_max": 0.169101,
        "nauc_precision_at_5_std": 0.163485,
        "nauc_precision_at_5_diff1": 0.13951,
        "nauc_precision_at_10_max": 0.153436,
        "nauc_precision_at_10_std": 0.165634,
        "nauc_precision_at_10_diff1": 0.110935,
        "nauc_precision_at_20_max": 0.119159,
        "nauc_precision_at_20_std": 0.181146,
        "nauc_precision_at_20_diff1": 0.124238,
        "nauc_precision_at_100_max": 0.06849,
        "nauc_precision_at_100_std": 0.342259,
        "nauc_precision_at_100_diff1": 0.082769,
        "nauc_precision_at_1000_max": -0.035334,
        "nauc_precision_at_1000_std": 0.416237,
        "nauc_precision_at_1000_diff1": 0.11563,
        "nauc_mrr_at_1_max": 0.116707,
        "nauc_mrr_at_1_std": 0.097732,
        "nauc_mrr_at_1_diff1": 0.316567,
        "nauc_mrr_at_3_max": 0.153745,
        "nauc_mrr_at_3_std": 0.120411,
        "nauc_mrr_at_3_diff1": 0.206704,
        "nauc_mrr_at_5_max": 0.15025,
        "nauc_mrr_at_5_std": 0.115039,
        "nauc_mrr_at_5_diff1": 0.204046,
        "nauc_mrr_at_10_max": 0.148625,
        "nauc_mrr_at_10_std": 0.108526,
        "nauc_mrr_at_10_diff1": 0.19765,
        "nauc_mrr_at_20_max": 0.144328,
        "nauc_mrr_at_20_std": 0.108073,
        "nauc_mrr_at_20_diff1": 0.197085,
        "nauc_mrr_at_100_max": 0.14423,
        "nauc_mrr_at_100_std": 0.110078,
        "nauc_mrr_at_100_diff1": 0.19123,
        "nauc_mrr_at_1000_max": 0.144531,
        "nauc_mrr_at_1000_std": 0.110639,
        "nauc_mrr_at_1000_diff1": 0.19254,
        "main_score": 0.117,
        "hf_subset": "default",
        "languages": [
          "eng-Latn"
        ]
      }
    ]
  },
  "evaluation_time": 567.5673847198486,
  "kg_co2_emissions": null
}