{
  "dataset_revision": "4ffe81d471b1924886b33c7567bfb200e9eec5c4",
  "task_name": "CQADupstackWordpressRetrieval",
  "mteb_version": "1.36.15",
  "scores": {
    "test": [
      {
        "ndcg_at_1": 0.02218,
        "ndcg_at_3": 0.04479,
        "ndcg_at_5": 0.04936,
        "ndcg_at_10": 0.05645,
        "ndcg_at_20": 0.06386,
        "ndcg_at_100": 0.08199,
        "ndcg_at_1000": 0.10698,
        "map_at_1": 0.01987,
        "map_at_3": 0.03774,
        "map_at_5": 0.0403,
        "map_at_10": 0.04304,
        "map_at_20": 0.04508,
        "map_at_100": 0.04757,
        "map_at_1000": 0.04831,
        "recall_at_1": 0.01987,
        "recall_at_3": 0.06146,
        "recall_at_5": 0.07224,
        "recall_at_10": 0.09356,
        "recall_at_20": 0.12175,
        "recall_at_100": 0.21694,
        "recall_at_1000": 0.41468,
        "precision_at_1": 0.02218,
        "precision_at_3": 0.02218,
        "precision_at_5": 0.0159,
        "precision_at_10": 0.01054,
        "precision_at_20": 0.00702,
        "precision_at_100": 0.00248,
        "precision_at_1000": 0.0005,
        "mrr_at_1": 0.022181,
        "mrr_at_3": 0.041282,
        "mrr_at_5": 0.044331,
        "mrr_at_10": 0.047635,
        "mrr_at_20": 0.049596,
        "mrr_at_100": 0.052111,
        "mrr_at_1000": 0.052864,
        "nauc_ndcg_at_1_max": 0.419506,
        "nauc_ndcg_at_1_std": -0.086952,
        "nauc_ndcg_at_1_diff1": 0.285961,
        "nauc_ndcg_at_3_max": 0.192662,
        "nauc_ndcg_at_3_std": 0.003758,
        "nauc_ndcg_at_3_diff1": 0.134386,
        "nauc_ndcg_at_5_max": 0.154533,
        "nauc_ndcg_at_5_std": 0.00342,
        "nauc_ndcg_at_5_diff1": 0.117227,
        "nauc_ndcg_at_10_max": 0.122346,
        "nauc_ndcg_at_10_std": -0.003059,
        "nauc_ndcg_at_10_diff1": 0.104919,
        "nauc_ndcg_at_20_max": 0.126037,
        "nauc_ndcg_at_20_std": -0.006505,
        "nauc_ndcg_at_20_diff1": 0.097513,
        "nauc_ndcg_at_100_max": 0.118634,
        "nauc_ndcg_at_100_std": 0.004326,
        "nauc_ndcg_at_100_diff1": 0.086683,
        "nauc_ndcg_at_1000_max": 0.122768,
        "nauc_ndcg_at_1000_std": 0.022145,
        "nauc_ndcg_at_1000_diff1": 0.100879,
        "nauc_map_at_1_max": 0.417799,
        "nauc_map_at_1_std": -0.077216,
        "nauc_map_at_1_diff1": 0.343138,
        "nauc_map_at_3_max": 0.210358,
        "nauc_map_at_3_std": -3.1e-05,
        "nauc_map_at_3_diff1": 0.165752,
        "nauc_map_at_5_max": 0.186674,
        "nauc_map_at_5_std": -0.001129,
        "nauc_map_at_5_diff1": 0.152399,
        "nauc_map_at_10_max": 0.168267,
        "nauc_map_at_10_std": -0.005294,
        "nauc_map_at_10_diff1": 0.143773,
        "nauc_map_at_20_max": 0.166467,
        "nauc_map_at_20_std": -0.006461,
        "nauc_map_at_20_diff1": 0.139787,
        "nauc_map_at_100_max": 0.16398,
        "nauc_map_at_100_std": -0.006088,
        "nauc_map_at_100_diff1": 0.134979,
        "nauc_map_at_1000_max": 0.163725,
        "nauc_map_at_1000_std": -0.005306,
        "nauc_map_at_1000_diff1": 0.135386,
        "nauc_recall_at_1_max": 0.417799,
        "nauc_recall_at_1_std": -0.077216,
        "nauc_recall_at_1_diff1": 0.343138,
        "nauc_recall_at_3_max": 0.15035,
        "nauc_recall_at_3_std": 0.006184,
        "nauc_recall_at_3_diff1": 0.083657,
        "nauc_recall_at_5_max": 0.100637,
        "nauc_recall_at_5_std": 0.004725,
        "nauc_recall_at_5_diff1": 0.061478,
        "nauc_recall_at_10_max": 0.054283,
        "nauc_recall_at_10_std": -0.008636,
        "nauc_recall_at_10_diff1": 0.054738,
        "nauc_recall_at_20_max": 0.075465,
        "nauc_recall_at_20_std": -0.013099,
        "nauc_recall_at_20_diff1": 0.049345,
        "nauc_recall_at_100_max": 0.071142,
        "nauc_recall_at_100_std": 0.020819,
        "nauc_recall_at_100_diff1": 0.048141,
        "nauc_recall_at_1000_max": 0.096508,
        "nauc_recall_at_1000_std": 0.077074,
        "nauc_recall_at_1000_diff1": 0.093942,
        "nauc_precision_at_1_max": 0.419506,
        "nauc_precision_at_1_std": -0.086952,
        "nauc_precision_at_1_diff1": 0.285961,
        "nauc_precision_at_3_max": 0.164353,
        "nauc_precision_at_3_std": 0.012485,
        "nauc_precision_at_3_diff1": 0.089868,
        "nauc_precision_at_5_max": 0.102076,
        "nauc_precision_at_5_std": 0.018797,
        "nauc_precision_at_5_diff1": 0.06425,
        "nauc_precision_at_10_max": 0.050286,
        "nauc_precision_at_10_std": 0.014316,
        "nauc_precision_at_10_diff1": 0.045802,
        "nauc_precision_at_20_max": 0.073111,
        "nauc_precision_at_20_std": 0.000143,
        "nauc_precision_at_20_diff1": 0.037101,
        "nauc_precision_at_100_max": 0.06963,
        "nauc_precision_at_100_std": 0.031606,
        "nauc_precision_at_100_diff1": 0.023137,
        "nauc_precision_at_1000_max": 0.083065,
        "nauc_precision_at_1000_std": 0.073717,
        "nauc_precision_at_1000_diff1": 0.073785,
        "nauc_mrr_at_1_max": 0.419506,
        "nauc_mrr_at_1_std": -0.086952,
        "nauc_mrr_at_1_diff1": 0.285961,
        "nauc_mrr_at_3_max": 0.221267,
        "nauc_mrr_at_3_std": 0.00092,
        "nauc_mrr_at_3_diff1": 0.153455,
        "nauc_mrr_at_5_max": 0.192359,
        "nauc_mrr_at_5_std": 0.004413,
        "nauc_mrr_at_5_diff1": 0.139676,
        "nauc_mrr_at_10_max": 0.171556,
        "nauc_mrr_at_10_std": 0.002253,
        "nauc_mrr_at_10_diff1": 0.129218,
        "nauc_mrr_at_20_max": 0.172076,
        "nauc_mrr_at_20_std": 0.000167,
        "nauc_mrr_at_20_diff1": 0.12542,
        "nauc_mrr_at_100_max": 0.170236,
        "nauc_mrr_at_100_std": -0.000381,
        "nauc_mrr_at_100_diff1": 0.120876,
        "nauc_mrr_at_1000_max": 0.170238,
        "nauc_mrr_at_1000_std": -0.000327,
        "nauc_mrr_at_1000_diff1": 0.121843,
        "main_score": 0.05645,
        "hf_subset": "default",
        "languages": [
          "eng-Latn"
        ]
      }
    ]
  },
  "evaluation_time": 1601.7813475131989,
  "kg_co2_emissions": null
}