{
  "dataset_revision": "4885aa143210c98657558c04aaf3dc47cfb54340",
  "task_name": "CQADupstackGamingRetrieval",
  "mteb_version": "1.36.15",
  "scores": {
    "test": [
      {
        "ndcg_at_1": 0.09154,
        "ndcg_at_3": 0.11064,
        "ndcg_at_5": 0.11943,
        "ndcg_at_10": 0.13528,
        "ndcg_at_20": 0.15232,
        "ndcg_at_100": 0.18364,
        "ndcg_at_1000": 0.21583,
        "map_at_1": 0.07752,
        "map_at_3": 0.10034,
        "map_at_5": 0.10539,
        "map_at_10": 0.11194,
        "map_at_20": 0.1167,
        "map_at_100": 0.12084,
        "map_at_1000": 0.12193,
        "recall_at_1": 0.07752,
        "recall_at_3": 0.12508,
        "recall_at_5": 0.14644,
        "recall_at_10": 0.19279,
        "recall_at_20": 0.25684,
        "recall_at_100": 0.41905,
        "recall_at_1000": 0.66705,
        "precision_at_1": 0.09154,
        "precision_at_3": 0.05099,
        "precision_at_5": 0.03636,
        "precision_at_10": 0.02439,
        "precision_at_20": 0.01636,
        "precision_at_100": 0.00549,
        "precision_at_1000": 0.00091,
        "mrr_at_1": 0.091536,
        "mrr_at_3": 0.114316,
        "mrr_at_5": 0.119896,
        "mrr_at_10": 0.127183,
        "mrr_at_20": 0.132038,
        "mrr_at_100": 0.136216,
        "mrr_at_1000": 0.13708,
        "nauc_ndcg_at_1_max": 0.148421,
        "nauc_ndcg_at_1_std": 0.043229,
        "nauc_ndcg_at_1_diff1": 0.346727,
        "nauc_ndcg_at_3_max": 0.155282,
        "nauc_ndcg_at_3_std": 0.034568,
        "nauc_ndcg_at_3_diff1": 0.257536,
        "nauc_ndcg_at_5_max": 0.16028,
        "nauc_ndcg_at_5_std": 0.035181,
        "nauc_ndcg_at_5_diff1": 0.238909,
        "nauc_ndcg_at_10_max": 0.161204,
        "nauc_ndcg_at_10_std": 0.046321,
        "nauc_ndcg_at_10_diff1": 0.226401,
        "nauc_ndcg_at_20_max": 0.162059,
        "nauc_ndcg_at_20_std": 0.059903,
        "nauc_ndcg_at_20_diff1": 0.20374,
        "nauc_ndcg_at_100_max": 0.170737,
        "nauc_ndcg_at_100_std": 0.071384,
        "nauc_ndcg_at_100_diff1": 0.190317,
        "nauc_ndcg_at_1000_max": 0.173235,
        "nauc_ndcg_at_1000_std": 0.075004,
        "nauc_ndcg_at_1000_diff1": 0.197009,
        "nauc_map_at_1_max": 0.131302,
        "nauc_map_at_1_std": 0.023555,
        "nauc_map_at_1_diff1": 0.359708,
        "nauc_map_at_3_max": 0.153482,
        "nauc_map_at_3_std": 0.031623,
        "nauc_map_at_3_diff1": 0.28084,
        "nauc_map_at_5_max": 0.157359,
        "nauc_map_at_5_std": 0.032529,
        "nauc_map_at_5_diff1": 0.270021,
        "nauc_map_at_10_max": 0.158728,
        "nauc_map_at_10_std": 0.038401,
        "nauc_map_at_10_diff1": 0.26187,
        "nauc_map_at_20_max": 0.158535,
        "nauc_map_at_20_std": 0.043132,
        "nauc_map_at_20_diff1": 0.254569,
        "nauc_map_at_100_max": 0.159911,
        "nauc_map_at_100_std": 0.045409,
        "nauc_map_at_100_diff1": 0.251365,
        "nauc_map_at_1000_max": 0.160071,
        "nauc_map_at_1000_std": 0.04616,
        "nauc_map_at_1000_diff1": 0.251365,
        "nauc_recall_at_1_max": 0.131302,
        "nauc_recall_at_1_std": 0.023555,
        "nauc_recall_at_1_diff1": 0.359708,
        "nauc_recall_at_3_max": 0.160297,
        "nauc_recall_at_3_std": 0.035026,
        "nauc_recall_at_3_diff1": 0.207357,
        "nauc_recall_at_5_max": 0.166805,
        "nauc_recall_at_5_std": 0.036727,
        "nauc_recall_at_5_diff1": 0.177505,
        "nauc_recall_at_10_max": 0.162776,
        "nauc_recall_at_10_std": 0.057664,
        "nauc_recall_at_10_diff1": 0.156503,
        "nauc_recall_at_20_max": 0.161193,
        "nauc_recall_at_20_std": 0.09104,
        "nauc_recall_at_20_diff1": 0.098267,
        "nauc_recall_at_100_max": 0.184308,
        "nauc_recall_at_100_std": 0.115073,
        "nauc_recall_at_100_diff1": 0.067269,
        "nauc_recall_at_1000_max": 0.204696,
        "nauc_recall_at_1000_std": 0.130503,
        "nauc_recall_at_1000_diff1": 0.095215,
        "nauc_precision_at_1_max": 0.148421,
        "nauc_precision_at_1_std": 0.043229,
        "nauc_precision_at_1_diff1": 0.346727,
        "nauc_precision_at_3_max": 0.172664,
        "nauc_precision_at_3_std": 0.054864,
        "nauc_precision_at_3_diff1": 0.206128,
        "nauc_precision_at_5_max": 0.179343,
        "nauc_precision_at_5_std": 0.052146,
        "nauc_precision_at_5_diff1": 0.174972,
        "nauc_precision_at_10_max": 0.182395,
        "nauc_precision_at_10_std": 0.093908,
        "nauc_precision_at_10_diff1": 0.158248,
        "nauc_precision_at_20_max": 0.18942,
        "nauc_precision_at_20_std": 0.121759,
        "nauc_precision_at_20_diff1": 0.11729,
        "nauc_precision_at_100_max": 0.216865,
        "nauc_precision_at_100_std": 0.177757,
        "nauc_precision_at_100_diff1": 0.075454,
        "nauc_precision_at_1000_max": 0.165133,
        "nauc_precision_at_1000_std": 0.196004,
        "nauc_precision_at_1000_diff1": 0.021173,
        "nauc_mrr_at_1_max": 0.148421,
        "nauc_mrr_at_1_std": 0.043229,
        "nauc_mrr_at_1_diff1": 0.346727,
        "nauc_mrr_at_3_max": 0.14919,
        "nauc_mrr_at_3_std": 0.033157,
        "nauc_mrr_at_3_diff1": 0.267495,
        "nauc_mrr_at_5_max": 0.152828,
        "nauc_mrr_at_5_std": 0.034597,
        "nauc_mrr_at_5_diff1": 0.254765,
        "nauc_mrr_at_10_max": 0.153987,
        "nauc_mrr_at_10_std": 0.040471,
        "nauc_mrr_at_10_diff1": 0.251543,
        "nauc_mrr_at_20_max": 0.154517,
        "nauc_mrr_at_20_std": 0.045455,
        "nauc_mrr_at_20_diff1": 0.243299,
        "nauc_mrr_at_100_max": 0.155018,
        "nauc_mrr_at_100_std": 0.047294,
        "nauc_mrr_at_100_diff1": 0.240341,
        "nauc_mrr_at_1000_max": 0.15514,
        "nauc_mrr_at_1000_std": 0.047224,
        "nauc_mrr_at_1000_diff1": 0.240533,
        "main_score": 0.13528,
        "hf_subset": "default",
        "languages": [
          "eng-Latn"
        ]
      }
    ]
  },
  "evaluation_time": 1318.4005081653595,
  "kg_co2_emissions": null
}