{
  "dataset_revision": "90fceea13679c63fe563ded68f3b6f06e50061de",
  "task_name": "CQADupstackMathematicaRetrieval",
  "mteb_version": "1.36.15",
  "scores": {
    "test": [
      {
        "ndcg_at_1": 0.02612,
        "ndcg_at_3": 0.03449,
        "ndcg_at_5": 0.03886,
        "ndcg_at_10": 0.04604,
        "ndcg_at_20": 0.0529,
        "ndcg_at_100": 0.06866,
        "ndcg_at_1000": 0.10054,
        "map_at_1": 0.01821,
        "map_at_3": 0.02767,
        "map_at_5": 0.03039,
        "map_at_10": 0.03339,
        "map_at_20": 0.03532,
        "map_at_100": 0.03741,
        "map_at_1000": 0.03841,
        "recall_at_1": 0.01821,
        "recall_at_3": 0.03972,
        "recall_at_5": 0.05174,
        "recall_at_10": 0.07372,
        "recall_at_20": 0.0986,
        "recall_at_100": 0.17776,
        "recall_at_1000": 0.4176,
        "precision_at_1": 0.02612,
        "precision_at_3": 0.0199,
        "precision_at_5": 0.01542,
        "precision_at_10": 0.01045,
        "precision_at_20": 0.00715,
        "precision_at_100": 0.00264,
        "precision_at_1000": 0.00065,
        "mrr_at_1": 0.026119,
        "mrr_at_3": 0.038765,
        "mrr_at_5": 0.041936,
        "mrr_at_10": 0.045398,
        "mrr_at_20": 0.04736,
        "mrr_at_100": 0.049616,
        "mrr_at_1000": 0.050584,
        "nauc_ndcg_at_1_max": -0.02696,
        "nauc_ndcg_at_1_std": -0.140821,
        "nauc_ndcg_at_1_diff1": 0.395804,
        "nauc_ndcg_at_3_max": -0.023359,
        "nauc_ndcg_at_3_std": -0.067579,
        "nauc_ndcg_at_3_diff1": 0.253878,
        "nauc_ndcg_at_5_max": -0.031064,
        "nauc_ndcg_at_5_std": -0.055871,
        "nauc_ndcg_at_5_diff1": 0.228506,
        "nauc_ndcg_at_10_max": -0.009885,
        "nauc_ndcg_at_10_std": -0.037134,
        "nauc_ndcg_at_10_diff1": 0.188635,
        "nauc_ndcg_at_20_max": -0.013842,
        "nauc_ndcg_at_20_std": -0.049362,
        "nauc_ndcg_at_20_diff1": 0.156816,
        "nauc_ndcg_at_100_max": -0.016976,
        "nauc_ndcg_at_100_std": -0.046837,
        "nauc_ndcg_at_100_diff1": 0.143344,
        "nauc_ndcg_at_1000_max": 0.000629,
        "nauc_ndcg_at_1000_std": -0.038528,
        "nauc_ndcg_at_1000_diff1": 0.130157,
        "nauc_map_at_1_max": -0.040605,
        "nauc_map_at_1_std": -0.08997,
        "nauc_map_at_1_diff1": 0.435891,
        "nauc_map_at_3_max": -0.019981,
        "nauc_map_at_3_std": -0.05751,
        "nauc_map_at_3_diff1": 0.283871,
        "nauc_map_at_5_max": -0.030606,
        "nauc_map_at_5_std": -0.058265,
        "nauc_map_at_5_diff1": 0.270634,
        "nauc_map_at_10_max": -0.018707,
        "nauc_map_at_10_std": -0.05034,
        "nauc_map_at_10_diff1": 0.242847,
        "nauc_map_at_20_max": -0.020921,
        "nauc_map_at_20_std": -0.055383,
        "nauc_map_at_20_diff1": 0.22845,
        "nauc_map_at_100_max": -0.023275,
        "nauc_map_at_100_std": -0.056254,
        "nauc_map_at_100_diff1": 0.22056,
        "nauc_map_at_1000_max": -0.022094,
        "nauc_map_at_1000_std": -0.055421,
        "nauc_map_at_1000_diff1": 0.219283,
        "nauc_recall_at_1_max": -0.040605,
        "nauc_recall_at_1_std": -0.08997,
        "nauc_recall_at_1_diff1": 0.435891,
        "nauc_recall_at_3_max": -0.003953,
        "nauc_recall_at_3_std": -0.035532,
        "nauc_recall_at_3_diff1": 0.199328,
        "nauc_recall_at_5_max": -0.02521,
        "nauc_recall_at_5_std": -0.031505,
        "nauc_recall_at_5_diff1": 0.175193,
        "nauc_recall_at_10_max": 0.014985,
        "nauc_recall_at_10_std": 0.002338,
        "nauc_recall_at_10_diff1": 0.125802,
        "nauc_recall_at_20_max": 0.00659,
        "nauc_recall_at_20_std": -0.024191,
        "nauc_recall_at_20_diff1": 0.065947,
        "nauc_recall_at_100_max": -0.006248,
        "nauc_recall_at_100_std": -0.019947,
        "nauc_recall_at_100_diff1": 0.069358,
        "nauc_recall_at_1000_max": 0.031818,
        "nauc_recall_at_1000_std": -0.002436,
        "nauc_recall_at_1000_diff1": 0.047291,
        "nauc_precision_at_1_max": -0.02696,
        "nauc_precision_at_1_std": -0.140821,
        "nauc_precision_at_1_diff1": 0.395804,
        "nauc_precision_at_3_max": -0.042583,
        "nauc_precision_at_3_std": -0.086987,
        "nauc_precision_at_3_diff1": 0.16957,
        "nauc_precision_at_5_max": -0.056939,
        "nauc_precision_at_5_std": -0.063784,
        "nauc_precision_at_5_diff1": 0.14919,
        "nauc_precision_at_10_max": -0.011184,
        "nauc_precision_at_10_std": -0.044606,
        "nauc_precision_at_10_diff1": 0.10747,
        "nauc_precision_at_20_max": -0.035865,
        "nauc_precision_at_20_std": -0.095439,
        "nauc_precision_at_20_diff1": 0.089807,
        "nauc_precision_at_100_max": -0.022467,
        "nauc_precision_at_100_std": -0.07653,
        "nauc_precision_at_100_diff1": 0.100222,
        "nauc_precision_at_1000_max": 0.030539,
        "nauc_precision_at_1000_std": -0.054623,
        "nauc_precision_at_1000_diff1": 0.072907,
        "nauc_mrr_at_1_max": -0.02696,
        "nauc_mrr_at_1_std": -0.140821,
        "nauc_mrr_at_1_diff1": 0.395804,
        "nauc_mrr_at_3_max": -0.027864,
        "nauc_mrr_at_3_std": -0.091903,
        "nauc_mrr_at_3_diff1": 0.253098,
        "nauc_mrr_at_5_max": -0.030225,
        "nauc_mrr_at_5_std": -0.07981,
        "nauc_mrr_at_5_diff1": 0.238566,
        "nauc_mrr_at_10_max": -0.022939,
        "nauc_mrr_at_10_std": -0.072977,
        "nauc_mrr_at_10_diff1": 0.219141,
        "nauc_mrr_at_20_max": -0.024119,
        "nauc_mrr_at_20_std": -0.07526,
        "nauc_mrr_at_20_diff1": 0.206608,
        "nauc_mrr_at_100_max": -0.023365,
        "nauc_mrr_at_100_std": -0.075026,
        "nauc_mrr_at_100_diff1": 0.20256,
        "nauc_mrr_at_1000_max": -0.022546,
        "nauc_mrr_at_1000_std": -0.074651,
        "nauc_mrr_at_1000_diff1": 0.201416,
        "main_score": 0.04604,
        "hf_subset": "default",
        "languages": [
          "eng-Latn"
        ]
      }
    ]
  },
  "evaluation_time": 558.5167410373688,
  "kg_co2_emissions": null
}