{
  "dataset_revision": "c22ab2a51041ffd869aaddef7af8d8215647e41a",
  "task_name": "ArguAna",
  "mteb_version": "1.36.15",
  "scores": {
    "test": [
      {
        "ndcg_at_1": 0.14367,
        "ndcg_at_3": 0.24255,
        "ndcg_at_5": 0.27555,
        "ndcg_at_10": 0.30441,
        "ndcg_at_20": 0.32894,
        "ndcg_at_100": 0.35667,
        "ndcg_at_1000": 0.37465,
        "map_at_1": 0.14367,
        "map_at_3": 0.21823,
        "map_at_5": 0.23647,
        "map_at_10": 0.24846,
        "map_at_20": 0.25513,
        "map_at_100": 0.25904,
        "map_at_1000": 0.25966,
        "recall_at_1": 0.14367,
        "recall_at_3": 0.31294,
        "recall_at_5": 0.39331,
        "recall_at_10": 0.48222,
        "recall_at_20": 0.57966,
        "recall_at_100": 0.72831,
        "recall_at_1000": 0.87269,
        "precision_at_1": 0.14367,
        "precision_at_3": 0.10431,
        "precision_at_5": 0.07866,
        "precision_at_10": 0.04822,
        "precision_at_20": 0.02898,
        "precision_at_100": 0.00728,
        "precision_at_1000": 0.00087,
        "mrr_at_1": 0.148649,
        "mrr_at_3": 0.219891,
        "mrr_at_5": 0.23817,
        "mrr_at_10": 0.250274,
        "mrr_at_20": 0.256986,
        "mrr_at_100": 0.260854,
        "mrr_at_1000": 0.261477,
        "nauc_ndcg_at_1_max": -0.104608,
        "nauc_ndcg_at_1_std": 0.029921,
        "nauc_ndcg_at_1_diff1": 0.071072,
        "nauc_ndcg_at_3_max": -0.044055,
        "nauc_ndcg_at_3_std": 0.025017,
        "nauc_ndcg_at_3_diff1": 0.073213,
        "nauc_ndcg_at_5_max": -0.044065,
        "nauc_ndcg_at_5_std": 0.023202,
        "nauc_ndcg_at_5_diff1": 0.070903,
        "nauc_ndcg_at_10_max": -0.036338,
        "nauc_ndcg_at_10_std": 0.054641,
        "nauc_ndcg_at_10_diff1": 0.077909,
        "nauc_ndcg_at_20_max": -0.041833,
        "nauc_ndcg_at_20_std": 0.075532,
        "nauc_ndcg_at_20_diff1": 0.07328,
        "nauc_ndcg_at_100_max": -0.037278,
        "nauc_ndcg_at_100_std": 0.097658,
        "nauc_ndcg_at_100_diff1": 0.078568,
        "nauc_ndcg_at_1000_max": -0.037981,
        "nauc_ndcg_at_1000_std": 0.092918,
        "nauc_ndcg_at_1000_diff1": 0.079386,
        "nauc_map_at_1_max": -0.104608,
        "nauc_map_at_1_std": 0.029921,
        "nauc_map_at_1_diff1": 0.071072,
        "nauc_map_at_3_max": -0.056319,
        "nauc_map_at_3_std": 0.025595,
        "nauc_map_at_3_diff1": 0.069652,
        "nauc_map_at_5_max": -0.056076,
        "nauc_map_at_5_std": 0.024627,
        "nauc_map_at_5_diff1": 0.068115,
        "nauc_map_at_10_max": -0.052807,
        "nauc_map_at_10_std": 0.039005,
        "nauc_map_at_10_diff1": 0.07192,
        "nauc_map_at_20_max": -0.05469,
        "nauc_map_at_20_std": 0.044805,
        "nauc_map_at_20_diff1": 0.070374,
        "nauc_map_at_100_max": -0.054337,
        "nauc_map_at_100_std": 0.048321,
        "nauc_map_at_100_diff1": 0.071048,
        "nauc_map_at_1000_max": -0.054264,
        "nauc_map_at_1000_std": 0.048193,
        "nauc_map_at_1000_diff1": 0.071177,
        "nauc_recall_at_1_max": -0.104608,
        "nauc_recall_at_1_std": 0.029921,
        "nauc_recall_at_1_diff1": 0.071072,
        "nauc_recall_at_3_max": -0.015232,
        "nauc_recall_at_3_std": 0.023792,
        "nauc_recall_at_3_diff1": 0.082575,
        "nauc_recall_at_5_max": -0.016722,
        "nauc_recall_at_5_std": 0.019758,
        "nauc_recall_at_5_diff1": 0.078168,
        "nauc_recall_at_10_max": 0.004753,
        "nauc_recall_at_10_std": 0.100407,
        "nauc_recall_at_10_diff1": 0.093676,
        "nauc_recall_at_20_max": -0.009929,
        "nauc_recall_at_20_std": 0.180664,
        "nauc_recall_at_20_diff1": 0.079605,
        "nauc_recall_at_100_max": 0.032491,
        "nauc_recall_at_100_std": 0.34486,
        "nauc_recall_at_100_diff1": 0.115997,
        "nauc_recall_at_1000_max": 0.066272,
        "nauc_recall_at_1000_std": 0.475809,
        "nauc_recall_at_1000_diff1": 0.148829,
        "nauc_precision_at_1_max": -0.104608,
        "nauc_precision_at_1_std": 0.029921,
        "nauc_precision_at_1_diff1": 0.071072,
        "nauc_precision_at_3_max": -0.015232,
        "nauc_precision_at_3_std": 0.023792,
        "nauc_precision_at_3_diff1": 0.082575,
        "nauc_precision_at_5_max": -0.016722,
        "nauc_precision_at_5_std": 0.019758,
        "nauc_precision_at_5_diff1": 0.078168,
        "nauc_precision_at_10_max": 0.004753,
        "nauc_precision_at_10_std": 0.100407,
        "nauc_precision_at_10_diff1": 0.093676,
        "nauc_precision_at_20_max": -0.009929,
        "nauc_precision_at_20_std": 0.180664,
        "nauc_precision_at_20_diff1": 0.079605,
        "nauc_precision_at_100_max": 0.032491,
        "nauc_precision_at_100_std": 0.34486,
        "nauc_precision_at_100_diff1": 0.115997,
        "nauc_precision_at_1000_max": 0.066272,
        "nauc_precision_at_1000_std": 0.475809,
        "nauc_precision_at_1000_diff1": 0.148829,
        "nauc_mrr_at_1_max": -0.091623,
        "nauc_mrr_at_1_std": 0.033551,
        "nauc_mrr_at_1_diff1": 0.047662,
        "nauc_mrr_at_3_max": -0.060135,
        "nauc_mrr_at_3_std": 0.025463,
        "nauc_mrr_at_3_diff1": 0.053954,
        "nauc_mrr_at_5_max": -0.058199,
        "nauc_mrr_at_5_std": 0.024185,
        "nauc_mrr_at_5_diff1": 0.052841,
        "nauc_mrr_at_10_max": -0.05425,
        "nauc_mrr_at_10_std": 0.038655,
        "nauc_mrr_at_10_diff1": 0.057164,
        "nauc_mrr_at_20_max": -0.056203,
        "nauc_mrr_at_20_std": 0.044548,
        "nauc_mrr_at_20_diff1": 0.05539,
        "nauc_mrr_at_100_max": -0.055814,
        "nauc_mrr_at_100_std": 0.047877,
        "nauc_mrr_at_100_diff1": 0.056038,
        "nauc_mrr_at_1000_max": -0.055745,
        "nauc_mrr_at_1000_std": 0.04775,
        "nauc_mrr_at_1000_diff1": 0.056141,
        "main_score": 0.30441,
        "hf_subset": "default",
        "languages": [
          "eng-Latn"
        ]
      }
    ]
  },
  "evaluation_time": 915.7031359672546,
  "kg_co2_emissions": null
}