{
  "dataset_revision": "c22ab2a51041ffd869aaddef7af8d8215647e41a",
  "task_name": "ArguAna",
  "mteb_version": "1.36.15",
  "scores": {
    "test": [
      {
        "ndcg_at_1": 0.15505,
        "ndcg_at_3": 0.25796,
        "ndcg_at_5": 0.29007,
        "ndcg_at_10": 0.32192,
        "ndcg_at_20": 0.34686,
        "ndcg_at_100": 0.37299,
        "ndcg_at_1000": 0.39079,
        "map_at_1": 0.15505,
        "map_at_3": 0.23257,
        "map_at_5": 0.2505,
        "map_at_10": 0.26385,
        "map_at_20": 0.27077,
        "map_at_100": 0.27445,
        "map_at_1000": 0.27507,
        "recall_at_1": 0.15505,
        "recall_at_3": 0.33144,
        "recall_at_5": 0.40896,
        "recall_at_10": 0.5064,
        "recall_at_20": 0.60455,
        "recall_at_100": 0.74467,
        "recall_at_1000": 0.88762,
        "precision_at_1": 0.15505,
        "precision_at_3": 0.11048,
        "precision_at_5": 0.08179,
        "precision_at_10": 0.05064,
        "precision_at_20": 0.03023,
        "precision_at_100": 0.00745,
        "precision_at_1000": 0.00089,
        "mrr_at_1": 0.158606,
        "mrr_at_3": 0.233523,
        "mrr_at_5": 0.252122,
        "mrr_at_10": 0.265262,
        "mrr_at_20": 0.272241,
        "mrr_at_100": 0.275923,
        "mrr_at_1000": 0.276544,
        "nauc_ndcg_at_1_max": -0.050217,
        "nauc_ndcg_at_1_std": -0.061244,
        "nauc_ndcg_at_1_diff1": 0.056116,
        "nauc_ndcg_at_3_max": -0.024007,
        "nauc_ndcg_at_3_std": -0.026331,
        "nauc_ndcg_at_3_diff1": 0.037749,
        "nauc_ndcg_at_5_max": -0.011633,
        "nauc_ndcg_at_5_std": -0.020469,
        "nauc_ndcg_at_5_diff1": 0.039715,
        "nauc_ndcg_at_10_max": 0.007158,
        "nauc_ndcg_at_10_std": 0.016773,
        "nauc_ndcg_at_10_diff1": 0.050564,
        "nauc_ndcg_at_20_max": 0.005158,
        "nauc_ndcg_at_20_std": 0.032043,
        "nauc_ndcg_at_20_diff1": 0.04527,
        "nauc_ndcg_at_100_max": 0.016353,
        "nauc_ndcg_at_100_std": 0.04956,
        "nauc_ndcg_at_100_diff1": 0.052276,
        "nauc_ndcg_at_1000_max": 0.010257,
        "nauc_ndcg_at_1000_std": 0.041921,
        "nauc_ndcg_at_1000_diff1": 0.050348,
        "nauc_map_at_1_max": -0.050217,
        "nauc_map_at_1_std": -0.061244,
        "nauc_map_at_1_diff1": 0.056116,
        "nauc_map_at_3_max": -0.029064,
        "nauc_map_at_3_std": -0.034464,
        "nauc_map_at_3_diff1": 0.040399,
        "nauc_map_at_5_max": -0.021751,
        "nauc_map_at_5_std": -0.031046,
        "nauc_map_at_5_diff1": 0.041571,
        "nauc_map_at_10_max": -0.013482,
        "nauc_map_at_10_std": -0.014437,
        "nauc_map_at_10_diff1": 0.046279,
        "nauc_map_at_20_max": -0.014183,
        "nauc_map_at_20_std": -0.010462,
        "nauc_map_at_20_diff1": 0.045067,
        "nauc_map_at_100_max": -0.013153,
        "nauc_map_at_100_std": -0.00798,
        "nauc_map_at_100_diff1": 0.046002,
        "nauc_map_at_1000_max": -0.01332,
        "nauc_map_at_1000_std": -0.008219,
        "nauc_map_at_1000_diff1": 0.045947,
        "nauc_recall_at_1_max": -0.050217,
        "nauc_recall_at_1_std": -0.061244,
        "nauc_recall_at_1_diff1": 0.056116,
        "nauc_recall_at_3_max": -0.011977,
        "nauc_recall_at_3_std": -0.006498,
        "nauc_recall_at_3_diff1": 0.031756,
        "nauc_recall_at_5_max": 0.013502,
        "nauc_recall_at_5_std": 0.005483,
        "nauc_recall_at_5_diff1": 0.035902,
        "nauc_recall_at_10_max": 0.06479,
        "nauc_recall_at_10_std": 0.105572,
        "nauc_recall_at_10_diff1": 0.065265,
        "nauc_recall_at_20_max": 0.063477,
        "nauc_recall_at_20_std": 0.17366,
        "nauc_recall_at_20_diff1": 0.044748,
        "nauc_recall_at_100_max": 0.166495,
        "nauc_recall_at_100_std": 0.33627,
        "nauc_recall_at_100_diff1": 0.091023,
        "nauc_recall_at_1000_max": 0.192711,
        "nauc_recall_at_1000_std": 0.47482,
        "nauc_recall_at_1000_diff1": 0.087412,
        "nauc_precision_at_1_max": -0.050217,
        "nauc_precision_at_1_std": -0.061244,
        "nauc_precision_at_1_diff1": 0.056116,
        "nauc_precision_at_3_max": -0.011977,
        "nauc_precision_at_3_std": -0.006498,
        "nauc_precision_at_3_diff1": 0.031756,
        "nauc_precision_at_5_max": 0.013502,
        "nauc_precision_at_5_std": 0.005483,
        "nauc_precision_at_5_diff1": 0.035902,
        "nauc_precision_at_10_max": 0.06479,
        "nauc_precision_at_10_std": 0.105572,
        "nauc_precision_at_10_diff1": 0.065265,
        "nauc_precision_at_20_max": 0.063477,
        "nauc_precision_at_20_std": 0.17366,
        "nauc_precision_at_20_diff1": 0.044748,
        "nauc_precision_at_100_max": 0.166495,
        "nauc_precision_at_100_std": 0.33627,
        "nauc_precision_at_100_diff1": 0.091023,
        "nauc_precision_at_1000_max": 0.192711,
        "nauc_precision_at_1000_std": 0.47482,
        "nauc_precision_at_1000_diff1": 0.087412,
        "nauc_mrr_at_1_max": -0.04237,
        "nauc_mrr_at_1_std": -0.056642,
        "nauc_mrr_at_1_diff1": 0.040442,
        "nauc_mrr_at_3_max": -0.035116,
        "nauc_mrr_at_3_std": -0.034325,
        "nauc_mrr_at_3_diff1": 0.024792,
        "nauc_mrr_at_5_max": -0.023938,
        "nauc_mrr_at_5_std": -0.029897,
        "nauc_mrr_at_5_diff1": 0.028424,
        "nauc_mrr_at_10_max": -0.016602,
        "nauc_mrr_at_10_std": -0.013989,
        "nauc_mrr_at_10_diff1": 0.033524,
        "nauc_mrr_at_20_max": -0.01694,
        "nauc_mrr_at_20_std": -0.010065,
        "nauc_mrr_at_20_diff1": 0.0326,
        "nauc_mrr_at_100_max": -0.015942,
        "nauc_mrr_at_100_std": -0.007597,
        "nauc_mrr_at_100_diff1": 0.033433,
        "nauc_mrr_at_1000_max": -0.016113,
        "nauc_mrr_at_1000_std": -0.007833,
        "nauc_mrr_at_1000_diff1": 0.033356,
        "main_score": 0.32192,
        "hf_subset": "default",
        "languages": [
          "eng-Latn"
        ]
      }
    ]
  },
  "evaluation_time": 2683.2644879817963,
  "kg_co2_emissions": null
}