{
  "dataset_revision": "4ffe81d471b1924886b33c7567bfb200e9eec5c4",
  "task_name": "CQADupstackWordpressRetrieval",
  "mteb_version": "1.36.15",
  "scores": {
    "test": [
      {
        "ndcg_at_1": 0.03512,
        "ndcg_at_3": 0.04299,
        "ndcg_at_5": 0.04456,
        "ndcg_at_10": 0.04739,
        "ndcg_at_20": 0.05117,
        "ndcg_at_100": 0.05697,
        "ndcg_at_1000": 0.06265,
        "map_at_1": 0.03389,
        "map_at_3": 0.04028,
        "map_at_5": 0.04111,
        "map_at_10": 0.04226,
        "map_at_20": 0.04336,
        "map_at_100": 0.04399,
        "map_at_1000": 0.04414,
        "recall_at_1": 0.03389,
        "recall_at_3": 0.04843,
        "recall_at_5": 0.05213,
        "recall_at_10": 0.05955,
        "recall_at_20": 0.07434,
        "recall_at_100": 0.10712,
        "recall_at_1000": 0.15225,
        "precision_at_1": 0.03512,
        "precision_at_3": 0.01787,
        "precision_at_5": 0.01183,
        "precision_at_10": 0.00702,
        "precision_at_20": 0.00425,
        "precision_at_100": 0.00124,
        "precision_at_1000": 0.00019,
        "mrr_at_1": 0.03512,
        "mrr_at_3": 0.042206,
        "mrr_at_5": 0.0435,
        "mrr_at_10": 0.045183,
        "mrr_at_20": 0.046282,
        "mrr_at_100": 0.047063,
        "mrr_at_1000": 0.047222,
        "nauc_ndcg_at_1_max": 0.601947,
        "nauc_ndcg_at_1_std": -0.205854,
        "nauc_ndcg_at_1_diff1": 0.460754,
        "nauc_ndcg_at_3_max": 0.503136,
        "nauc_ndcg_at_3_std": -0.143934,
        "nauc_ndcg_at_3_diff1": 0.360066,
        "nauc_ndcg_at_5_max": 0.503947,
        "nauc_ndcg_at_5_std": -0.146955,
        "nauc_ndcg_at_5_diff1": 0.349015,
        "nauc_ndcg_at_10_max": 0.489767,
        "nauc_ndcg_at_10_std": -0.135574,
        "nauc_ndcg_at_10_diff1": 0.323078,
        "nauc_ndcg_at_20_max": 0.475596,
        "nauc_ndcg_at_20_std": -0.134533,
        "nauc_ndcg_at_20_diff1": 0.300136,
        "nauc_ndcg_at_100_max": 0.454564,
        "nauc_ndcg_at_100_std": -0.121814,
        "nauc_ndcg_at_100_diff1": 0.287247,
        "nauc_ndcg_at_1000_max": 0.449071,
        "nauc_ndcg_at_1000_std": -0.10326,
        "nauc_ndcg_at_1000_diff1": 0.295666,
        "nauc_map_at_1_max": 0.587472,
        "nauc_map_at_1_std": -0.205858,
        "nauc_map_at_1_diff1": 0.441146,
        "nauc_map_at_3_max": 0.524237,
        "nauc_map_at_3_std": -0.158399,
        "nauc_map_at_3_diff1": 0.373256,
        "nauc_map_at_5_max": 0.524042,
        "nauc_map_at_5_std": -0.159527,
        "nauc_map_at_5_diff1": 0.368006,
        "nauc_map_at_10_max": 0.515897,
        "nauc_map_at_10_std": -0.153586,
        "nauc_map_at_10_diff1": 0.35568,
        "nauc_map_at_20_max": 0.510006,
        "nauc_map_at_20_std": -0.152786,
        "nauc_map_at_20_diff1": 0.346731,
        "nauc_map_at_100_max": 0.507155,
        "nauc_map_at_100_std": -0.150157,
        "nauc_map_at_100_diff1": 0.344342,
        "nauc_map_at_1000_max": 0.507241,
        "nauc_map_at_1000_std": -0.149487,
        "nauc_map_at_1000_diff1": 0.344858,
        "nauc_recall_at_1_max": 0.587472,
        "nauc_recall_at_1_std": -0.205858,
        "nauc_recall_at_1_diff1": 0.441146,
        "nauc_recall_at_3_max": 0.458471,
        "nauc_recall_at_3_std": -0.123709,
        "nauc_recall_at_3_diff1": 0.304259,
        "nauc_recall_at_5_max": 0.465895,
        "nauc_recall_at_5_std": -0.131543,
        "nauc_recall_at_5_diff1": 0.290639,
        "nauc_recall_at_10_max": 0.437657,
        "nauc_recall_at_10_std": -0.10671,
        "nauc_recall_at_10_diff1": 0.246033,
        "nauc_recall_at_20_max": 0.411615,
        "nauc_recall_at_20_std": -0.109921,
        "nauc_recall_at_20_diff1": 0.200396,
        "nauc_recall_at_100_max": 0.349225,
        "nauc_recall_at_100_std": -0.079852,
        "nauc_recall_at_100_diff1": 0.18198,
        "nauc_recall_at_1000_max": 0.351461,
        "nauc_recall_at_1000_std": -0.016607,
        "nauc_recall_at_1000_diff1": 0.234886,
        "nauc_precision_at_1_max": 0.601947,
        "nauc_precision_at_1_std": -0.205854,
        "nauc_precision_at_1_diff1": 0.460754,
        "nauc_precision_at_3_max": 0.461257,
        "nauc_precision_at_3_std": -0.103304,
        "nauc_precision_at_3_diff1": 0.355884,
        "nauc_precision_at_5_max": 0.457158,
        "nauc_precision_at_5_std": -0.109937,
        "nauc_precision_at_5_diff1": 0.33348,
        "nauc_precision_at_10_max": 0.440518,
        "nauc_precision_at_10_std": -0.093651,
        "nauc_precision_at_10_diff1": 0.263726,
        "nauc_precision_at_20_max": 0.417253,
        "nauc_precision_at_20_std": -0.098729,
        "nauc_precision_at_20_diff1": 0.220751,
        "nauc_precision_at_100_max": 0.374106,
        "nauc_precision_at_100_std": -0.06885,
        "nauc_precision_at_100_diff1": 0.209048,
        "nauc_precision_at_1000_max": 0.355639,
        "nauc_precision_at_1000_std": -0.035915,
        "nauc_precision_at_1000_diff1": 0.245709,
        "nauc_mrr_at_1_max": 0.601947,
        "nauc_mrr_at_1_std": -0.205854,
        "nauc_mrr_at_1_diff1": 0.460754,
        "nauc_mrr_at_3_max": 0.519831,
        "nauc_mrr_at_3_std": -0.144352,
        "nauc_mrr_at_3_diff1": 0.39205,
        "nauc_mrr_at_5_max": 0.515551,
        "nauc_mrr_at_5_std": -0.144725,
        "nauc_mrr_at_5_diff1": 0.383906,
        "nauc_mrr_at_10_max": 0.508784,
        "nauc_mrr_at_10_std": -0.139512,
        "nauc_mrr_at_10_diff1": 0.365304,
        "nauc_mrr_at_20_max": 0.503433,
        "nauc_mrr_at_20_std": -0.139097,
        "nauc_mrr_at_20_diff1": 0.356692,
        "nauc_mrr_at_100_max": 0.500242,
        "nauc_mrr_at_100_std": -0.136514,
        "nauc_mrr_at_100_diff1": 0.352946,
        "nauc_mrr_at_1000_max": 0.500043,
        "nauc_mrr_at_1000_std": -0.135951,
        "nauc_mrr_at_1000_diff1": 0.3532,
        "main_score": 0.04739,
        "hf_subset": "default",
        "languages": [
          "eng-Latn"
        ]
      }
    ]
  },
  "evaluation_time": 8682.319597959518,
  "kg_co2_emissions": null
}