{
  "dataset_revision": "4885aa143210c98657558c04aaf3dc47cfb54340",
  "task_name": "CQADupstackGamingRetrieval",
  "mteb_version": "1.36.15",
  "scores": {
    "test": [
      {
        "ndcg_at_1": 0.12853,
        "ndcg_at_3": 0.1574,
        "ndcg_at_5": 0.17722,
        "ndcg_at_10": 0.20026,
        "ndcg_at_20": 0.21841,
        "ndcg_at_100": 0.25201,
        "ndcg_at_1000": 0.28575,
        "map_at_1": 0.11012,
        "map_at_3": 0.14191,
        "map_at_5": 0.15329,
        "map_at_10": 0.16295,
        "map_at_20": 0.16805,
        "map_at_100": 0.17298,
        "map_at_1000": 0.17423,
        "recall_at_1": 0.11012,
        "recall_at_3": 0.17912,
        "recall_at_5": 0.22587,
        "recall_at_10": 0.29384,
        "recall_at_20": 0.36196,
        "recall_at_100": 0.53161,
        "recall_at_1000": 0.78486,
        "precision_at_1": 0.12853,
        "precision_at_3": 0.07126,
        "precision_at_5": 0.05505,
        "precision_at_10": 0.03649,
        "precision_at_20": 0.02288,
        "precision_at_100": 0.00689,
        "precision_at_1000": 0.00107,
        "mrr_at_1": 0.128527,
        "mrr_at_3": 0.162905,
        "mrr_at_5": 0.175507,
        "mrr_at_10": 0.185554,
        "mrr_at_20": 0.190687,
        "mrr_at_100": 0.195158,
        "mrr_at_1000": 0.19616,
        "nauc_ndcg_at_1_max": 0.179494,
        "nauc_ndcg_at_1_std": -0.030723,
        "nauc_ndcg_at_1_diff1": 0.36419,
        "nauc_ndcg_at_3_max": 0.160826,
        "nauc_ndcg_at_3_std": -0.026693,
        "nauc_ndcg_at_3_diff1": 0.297318,
        "nauc_ndcg_at_5_max": 0.167873,
        "nauc_ndcg_at_5_std": -0.020554,
        "nauc_ndcg_at_5_diff1": 0.281226,
        "nauc_ndcg_at_10_max": 0.169473,
        "nauc_ndcg_at_10_std": -0.009949,
        "nauc_ndcg_at_10_diff1": 0.266822,
        "nauc_ndcg_at_20_max": 0.174395,
        "nauc_ndcg_at_20_std": -0.001429,
        "nauc_ndcg_at_20_diff1": 0.25929,
        "nauc_ndcg_at_100_max": 0.186608,
        "nauc_ndcg_at_100_std": 0.008623,
        "nauc_ndcg_at_100_diff1": 0.254639,
        "nauc_ndcg_at_1000_max": 0.188877,
        "nauc_ndcg_at_1000_std": 0.017465,
        "nauc_ndcg_at_1000_diff1": 0.264644,
        "nauc_map_at_1_max": 0.164659,
        "nauc_map_at_1_std": -0.046591,
        "nauc_map_at_1_diff1": 0.362513,
        "nauc_map_at_3_max": 0.158375,
        "nauc_map_at_3_std": -0.031392,
        "nauc_map_at_3_diff1": 0.311768,
        "nauc_map_at_5_max": 0.163737,
        "nauc_map_at_5_std": -0.027086,
        "nauc_map_at_5_diff1": 0.301029,
        "nauc_map_at_10_max": 0.165165,
        "nauc_map_at_10_std": -0.023062,
        "nauc_map_at_10_diff1": 0.293966,
        "nauc_map_at_20_max": 0.167566,
        "nauc_map_at_20_std": -0.020212,
        "nauc_map_at_20_diff1": 0.291757,
        "nauc_map_at_100_max": 0.169315,
        "nauc_map_at_100_std": -0.018969,
        "nauc_map_at_100_diff1": 0.291158,
        "nauc_map_at_1000_max": 0.169529,
        "nauc_map_at_1000_std": -0.01844,
        "nauc_map_at_1000_diff1": 0.291478,
        "nauc_recall_at_1_max": 0.164659,
        "nauc_recall_at_1_std": -0.046591,
        "nauc_recall_at_1_diff1": 0.362513,
        "nauc_recall_at_3_max": 0.153966,
        "nauc_recall_at_3_std": -0.018111,
        "nauc_recall_at_3_diff1": 0.265906,
        "nauc_recall_at_5_max": 0.16725,
        "nauc_recall_at_5_std": -0.009939,
        "nauc_recall_at_5_diff1": 0.225,
        "nauc_recall_at_10_max": 0.168812,
        "nauc_recall_at_10_std": 0.013174,
        "nauc_recall_at_10_diff1": 0.195729,
        "nauc_recall_at_20_max": 0.179503,
        "nauc_recall_at_20_std": 0.03291,
        "nauc_recall_at_20_diff1": 0.175302,
        "nauc_recall_at_100_max": 0.220397,
        "nauc_recall_at_100_std": 0.0724,
        "nauc_recall_at_100_diff1": 0.144877,
        "nauc_recall_at_1000_max": 0.269121,
        "nauc_recall_at_1000_std": 0.178612,
        "nauc_recall_at_1000_diff1": 0.177431,
        "nauc_precision_at_1_max": 0.179494,
        "nauc_precision_at_1_std": -0.030723,
        "nauc_precision_at_1_diff1": 0.36419,
        "nauc_precision_at_3_max": 0.167579,
        "nauc_precision_at_3_std": -0.005442,
        "nauc_precision_at_3_diff1": 0.259959,
        "nauc_precision_at_5_max": 0.181752,
        "nauc_precision_at_5_std": 0.008429,
        "nauc_precision_at_5_diff1": 0.227702,
        "nauc_precision_at_10_max": 0.186866,
        "nauc_precision_at_10_std": 0.032791,
        "nauc_precision_at_10_diff1": 0.202251,
        "nauc_precision_at_20_max": 0.200559,
        "nauc_precision_at_20_std": 0.059781,
        "nauc_precision_at_20_diff1": 0.178024,
        "nauc_precision_at_100_max": 0.215886,
        "nauc_precision_at_100_std": 0.117213,
        "nauc_precision_at_100_diff1": 0.126994,
        "nauc_precision_at_1000_max": 0.152845,
        "nauc_precision_at_1000_std": 0.195843,
        "nauc_precision_at_1000_diff1": 0.089852,
        "nauc_mrr_at_1_max": 0.179494,
        "nauc_mrr_at_1_std": -0.030723,
        "nauc_mrr_at_1_diff1": 0.36419,
        "nauc_mrr_at_3_max": 0.16543,
        "nauc_mrr_at_3_std": -0.023002,
        "nauc_mrr_at_3_diff1": 0.312536,
        "nauc_mrr_at_5_max": 0.168958,
        "nauc_mrr_at_5_std": -0.01855,
        "nauc_mrr_at_5_diff1": 0.302844,
        "nauc_mrr_at_10_max": 0.170033,
        "nauc_mrr_at_10_std": -0.013802,
        "nauc_mrr_at_10_diff1": 0.295888,
        "nauc_mrr_at_20_max": 0.171308,
        "nauc_mrr_at_20_std": -0.011618,
        "nauc_mrr_at_20_diff1": 0.292875,
        "nauc_mrr_at_100_max": 0.173134,
        "nauc_mrr_at_100_std": -0.010724,
        "nauc_mrr_at_100_diff1": 0.29249,
        "nauc_mrr_at_1000_max": 0.173134,
        "nauc_mrr_at_1000_std": -0.010611,
        "nauc_mrr_at_1000_diff1": 0.292874,
        "main_score": 0.20026,
        "hf_subset": "default",
        "languages": [
          "eng-Latn"
        ]
      }
    ]
  },
  "evaluation_time": 11928.415476083755,
  "kg_co2_emissions": null
}