{
  "dataset_revision": "46989137a86843e03a6195de44b09deda022eec7",
  "task_name": "CQADupstackTexRetrieval",
  "mteb_version": "1.36.15",
  "scores": {
    "test": [
      {
        "ndcg_at_1": 0.01514,
        "ndcg_at_3": 0.01624,
        "ndcg_at_5": 0.01814,
        "ndcg_at_10": 0.02058,
        "ndcg_at_20": 0.02327,
        "ndcg_at_100": 0.02851,
        "ndcg_at_1000": 0.03631,
        "map_at_1": 0.01002,
        "map_at_3": 0.01302,
        "map_at_5": 0.01435,
        "map_at_10": 0.01541,
        "map_at_20": 0.01618,
        "map_at_100": 0.01683,
        "map_at_1000": 0.01705,
        "recall_at_1": 0.01002,
        "recall_at_3": 0.01713,
        "recall_at_5": 0.02227,
        "recall_at_10": 0.02988,
        "recall_at_20": 0.03975,
        "recall_at_100": 0.06642,
        "recall_at_1000": 0.12633,
        "precision_at_1": 0.01514,
        "precision_at_3": 0.0086,
        "precision_at_5": 0.00681,
        "precision_at_10": 0.00458,
        "precision_at_20": 0.00313,
        "precision_at_100": 0.00107,
        "precision_at_1000": 0.00021,
        "mrr_at_1": 0.015141,
        "mrr_at_3": 0.019443,
        "mrr_at_5": 0.020888,
        "mrr_at_10": 0.022412,
        "mrr_at_20": 0.023344,
        "mrr_at_100": 0.024218,
        "mrr_at_1000": 0.024449,
        "nauc_ndcg_at_1_max": 0.54268,
        "nauc_ndcg_at_1_std": 0.03303,
        "nauc_ndcg_at_1_diff1": 0.341284,
        "nauc_ndcg_at_3_max": 0.539067,
        "nauc_ndcg_at_3_std": 0.030234,
        "nauc_ndcg_at_3_diff1": 0.264477,
        "nauc_ndcg_at_5_max": 0.515021,
        "nauc_ndcg_at_5_std": 0.02211,
        "nauc_ndcg_at_5_diff1": 0.24883,
        "nauc_ndcg_at_10_max": 0.497976,
        "nauc_ndcg_at_10_std": 0.042463,
        "nauc_ndcg_at_10_diff1": 0.206673,
        "nauc_ndcg_at_20_max": 0.477089,
        "nauc_ndcg_at_20_std": 0.039139,
        "nauc_ndcg_at_20_diff1": 0.201902,
        "nauc_ndcg_at_100_max": 0.445327,
        "nauc_ndcg_at_100_std": 0.032233,
        "nauc_ndcg_at_100_diff1": 0.176879,
        "nauc_ndcg_at_1000_max": 0.405831,
        "nauc_ndcg_at_1000_std": 0.041794,
        "nauc_ndcg_at_1000_diff1": 0.154527,
        "nauc_map_at_1_max": 0.523034,
        "nauc_map_at_1_std": 0.013004,
        "nauc_map_at_1_diff1": 0.357983,
        "nauc_map_at_3_max": 0.532901,
        "nauc_map_at_3_std": 0.018384,
        "nauc_map_at_3_diff1": 0.284391,
        "nauc_map_at_5_max": 0.513364,
        "nauc_map_at_5_std": 0.015237,
        "nauc_map_at_5_diff1": 0.276471,
        "nauc_map_at_10_max": 0.505809,
        "nauc_map_at_10_std": 0.024615,
        "nauc_map_at_10_diff1": 0.251805,
        "nauc_map_at_20_max": 0.49855,
        "nauc_map_at_20_std": 0.024718,
        "nauc_map_at_20_diff1": 0.248381,
        "nauc_map_at_100_max": 0.49196,
        "nauc_map_at_100_std": 0.02473,
        "nauc_map_at_100_diff1": 0.243476,
        "nauc_map_at_1000_max": 0.489035,
        "nauc_map_at_1000_std": 0.024975,
        "nauc_map_at_1000_diff1": 0.241577,
        "nauc_recall_at_1_max": 0.523034,
        "nauc_recall_at_1_std": 0.013004,
        "nauc_recall_at_1_diff1": 0.357983,
        "nauc_recall_at_3_max": 0.538356,
        "nauc_recall_at_3_std": 0.023005,
        "nauc_recall_at_3_diff1": 0.218082,
        "nauc_recall_at_5_max": 0.491598,
        "nauc_recall_at_5_std": 0.013695,
        "nauc_recall_at_5_diff1": 0.208911,
        "nauc_recall_at_10_max": 0.466697,
        "nauc_recall_at_10_std": 0.055573,
        "nauc_recall_at_10_diff1": 0.134942,
        "nauc_recall_at_20_max": 0.429522,
        "nauc_recall_at_20_std": 0.047496,
        "nauc_recall_at_20_diff1": 0.138388,
        "nauc_recall_at_100_max": 0.382414,
        "nauc_recall_at_100_std": 0.026839,
        "nauc_recall_at_100_diff1": 0.108101,
        "nauc_recall_at_1000_max": 0.298213,
        "nauc_recall_at_1000_std": 0.049508,
        "nauc_recall_at_1000_diff1": 0.07797,
        "nauc_precision_at_1_max": 0.54268,
        "nauc_precision_at_1_std": 0.03303,
        "nauc_precision_at_1_diff1": 0.341284,
        "nauc_precision_at_3_max": 0.551582,
        "nauc_precision_at_3_std": 0.054816,
        "nauc_precision_at_3_diff1": 0.225555,
        "nauc_precision_at_5_max": 0.51792,
        "nauc_precision_at_5_std": 0.03784,
        "nauc_precision_at_5_diff1": 0.209925,
        "nauc_precision_at_10_max": 0.486488,
        "nauc_precision_at_10_std": 0.079758,
        "nauc_precision_at_10_diff1": 0.149773,
        "nauc_precision_at_20_max": 0.45171,
        "nauc_precision_at_20_std": 0.066825,
        "nauc_precision_at_20_diff1": 0.149387,
        "nauc_precision_at_100_max": 0.379388,
        "nauc_precision_at_100_std": 0.049509,
        "nauc_precision_at_100_diff1": 0.096632,
        "nauc_precision_at_1000_max": 0.317768,
        "nauc_precision_at_1000_std": 0.089625,
        "nauc_precision_at_1000_diff1": 0.071704,
        "nauc_mrr_at_1_max": 0.54268,
        "nauc_mrr_at_1_std": 0.03303,
        "nauc_mrr_at_1_diff1": 0.341284,
        "nauc_mrr_at_3_max": 0.550863,
        "nauc_mrr_at_3_std": 0.045161,
        "nauc_mrr_at_3_diff1": 0.279807,
        "nauc_mrr_at_5_max": 0.538275,
        "nauc_mrr_at_5_std": 0.038642,
        "nauc_mrr_at_5_diff1": 0.268747,
        "nauc_mrr_at_10_max": 0.527582,
        "nauc_mrr_at_10_std": 0.049739,
        "nauc_mrr_at_10_diff1": 0.245463,
        "nauc_mrr_at_20_max": 0.518382,
        "nauc_mrr_at_20_std": 0.048127,
        "nauc_mrr_at_20_diff1": 0.244773,
        "nauc_mrr_at_100_max": 0.509616,
        "nauc_mrr_at_100_std": 0.04698,
        "nauc_mrr_at_100_diff1": 0.237094,
        "nauc_mrr_at_1000_max": 0.507232,
        "nauc_mrr_at_1000_std": 0.046851,
        "nauc_mrr_at_1000_diff1": 0.235485,
        "main_score": 0.02058,
        "hf_subset": "default",
        "languages": [
          "eng-Latn"
        ]
      }
    ]
  },
  "evaluation_time": 12306.359015703201,
  "kg_co2_emissions": null
}