{
  "dataset_revision": "ad9991cb51e31e31e430383c75ffb2885547b5f0",
  "task_name": "CQADupstackEnglishRetrieval",
  "mteb_version": "1.36.15",
  "scores": {
    "test": [
      {
        "ndcg_at_1": 0.13439,
        "ndcg_at_3": 0.15005,
        "ndcg_at_5": 0.15962,
        "ndcg_at_10": 0.17415,
        "ndcg_at_20": 0.18833,
        "ndcg_at_100": 0.21588,
        "ndcg_at_1000": 0.24744,
        "map_at_1": 0.10256,
        "map_at_3": 0.12929,
        "map_at_5": 0.13611,
        "map_at_10": 0.14274,
        "map_at_20": 0.14691,
        "map_at_100": 0.15098,
        "map_at_1000": 0.15223,
        "recall_at_1": 0.10256,
        "recall_at_3": 0.16086,
        "recall_at_5": 0.18751,
        "recall_at_10": 0.23242,
        "recall_at_20": 0.28455,
        "recall_at_100": 0.42026,
        "recall_at_1000": 0.63907,
        "precision_at_1": 0.13439,
        "precision_at_3": 0.0741,
        "precision_at_5": 0.05338,
        "precision_at_10": 0.03439,
        "precision_at_20": 0.02217,
        "precision_at_100": 0.00714,
        "precision_at_1000": 0.00126,
        "mrr_at_1": 0.134395,
        "mrr_at_3": 0.165499,
        "mrr_at_5": 0.172696,
        "mrr_at_10": 0.179989,
        "mrr_at_20": 0.184332,
        "mrr_at_100": 0.188016,
        "mrr_at_1000": 0.188877,
        "nauc_ndcg_at_1_max": 0.061897,
        "nauc_ndcg_at_1_std": -0.077655,
        "nauc_ndcg_at_1_diff1": 0.373113,
        "nauc_ndcg_at_3_max": 0.022392,
        "nauc_ndcg_at_3_std": -0.100334,
        "nauc_ndcg_at_3_diff1": 0.293242,
        "nauc_ndcg_at_5_max": 0.018776,
        "nauc_ndcg_at_5_std": -0.104069,
        "nauc_ndcg_at_5_diff1": 0.280582,
        "nauc_ndcg_at_10_max": 0.010511,
        "nauc_ndcg_at_10_std": -0.103836,
        "nauc_ndcg_at_10_diff1": 0.265625,
        "nauc_ndcg_at_20_max": 0.004207,
        "nauc_ndcg_at_20_std": -0.095117,
        "nauc_ndcg_at_20_diff1": 0.254117,
        "nauc_ndcg_at_100_max": 0.000596,
        "nauc_ndcg_at_100_std": -0.080594,
        "nauc_ndcg_at_100_diff1": 0.246388,
        "nauc_ndcg_at_1000_max": 0.005592,
        "nauc_ndcg_at_1000_std": -0.066644,
        "nauc_ndcg_at_1000_diff1": 0.244437,
        "nauc_map_at_1_max": 0.040196,
        "nauc_map_at_1_std": -0.107733,
        "nauc_map_at_1_diff1": 0.395377,
        "nauc_map_at_3_max": 0.021037,
        "nauc_map_at_3_std": -0.107577,
        "nauc_map_at_3_diff1": 0.326419,
        "nauc_map_at_5_max": 0.021824,
        "nauc_map_at_5_std": -0.106017,
        "nauc_map_at_5_diff1": 0.316405,
        "nauc_map_at_10_max": 0.017658,
        "nauc_map_at_10_std": -0.106346,
        "nauc_map_at_10_diff1": 0.307548,
        "nauc_map_at_20_max": 0.015565,
        "nauc_map_at_20_std": -0.103392,
        "nauc_map_at_20_diff1": 0.303085,
        "nauc_map_at_100_max": 0.015176,
        "nauc_map_at_100_std": -0.100314,
        "nauc_map_at_100_diff1": 0.301563,
        "nauc_map_at_1000_max": 0.015846,
        "nauc_map_at_1000_std": -0.099185,
        "nauc_map_at_1000_diff1": 0.301531,
        "nauc_recall_at_1_max": 0.040196,
        "nauc_recall_at_1_std": -0.107733,
        "nauc_recall_at_1_diff1": 0.395377,
        "nauc_recall_at_3_max": -0.004887,
        "nauc_recall_at_3_std": -0.112595,
        "nauc_recall_at_3_diff1": 0.249821,
        "nauc_recall_at_5_max": -0.005298,
        "nauc_recall_at_5_std": -0.110978,
        "nauc_recall_at_5_diff1": 0.220047,
        "nauc_recall_at_10_max": -0.025397,
        "nauc_recall_at_10_std": -0.112133,
        "nauc_recall_at_10_diff1": 0.181998,
        "nauc_recall_at_20_max": -0.040254,
        "nauc_recall_at_20_std": -0.087396,
        "nauc_recall_at_20_diff1": 0.154306,
        "nauc_recall_at_100_max": -0.048651,
        "nauc_recall_at_100_std": -0.038296,
        "nauc_recall_at_100_diff1": 0.124639,
        "nauc_recall_at_1000_max": -0.048209,
        "nauc_recall_at_1000_std": 0.043595,
        "nauc_recall_at_1000_diff1": 0.090159,
        "nauc_precision_at_1_max": 0.061897,
        "nauc_precision_at_1_std": -0.077655,
        "nauc_precision_at_1_diff1": 0.373113,
        "nauc_precision_at_3_max": 0.036981,
        "nauc_precision_at_3_std": -0.078531,
        "nauc_precision_at_3_diff1": 0.228053,
        "nauc_precision_at_5_max": 0.039766,
        "nauc_precision_at_5_std": -0.081046,
        "nauc_precision_at_5_diff1": 0.20153,
        "nauc_precision_at_10_max": 0.034973,
        "nauc_precision_at_10_std": -0.060997,
        "nauc_precision_at_10_diff1": 0.160578,
        "nauc_precision_at_20_max": 0.018436,
        "nauc_precision_at_20_std": -0.035656,
        "nauc_precision_at_20_diff1": 0.117455,
        "nauc_precision_at_100_max": 0.026617,
        "nauc_precision_at_100_std": -0.000405,
        "nauc_precision_at_100_diff1": 0.049383,
        "nauc_precision_at_1000_max": 0.076313,
        "nauc_precision_at_1000_std": 0.036019,
        "nauc_precision_at_1000_diff1": -0.025502,
        "nauc_mrr_at_1_max": 0.061897,
        "nauc_mrr_at_1_std": -0.077655,
        "nauc_mrr_at_1_diff1": 0.373113,
        "nauc_mrr_at_3_max": 0.039302,
        "nauc_mrr_at_3_std": -0.080337,
        "nauc_mrr_at_3_diff1": 0.293322,
        "nauc_mrr_at_5_max": 0.037235,
        "nauc_mrr_at_5_std": -0.080357,
        "nauc_mrr_at_5_diff1": 0.287788,
        "nauc_mrr_at_10_max": 0.033709,
        "nauc_mrr_at_10_std": -0.080468,
        "nauc_mrr_at_10_diff1": 0.280335,
        "nauc_mrr_at_20_max": 0.032001,
        "nauc_mrr_at_20_std": -0.078958,
        "nauc_mrr_at_20_diff1": 0.276737,
        "nauc_mrr_at_100_max": 0.031708,
        "nauc_mrr_at_100_std": -0.077141,
        "nauc_mrr_at_100_diff1": 0.276681,
        "nauc_mrr_at_1000_max": 0.031808,
        "nauc_mrr_at_1000_std": -0.076793,
        "nauc_mrr_at_1000_diff1": 0.276885,
        "main_score": 0.17415,
        "hf_subset": "default",
        "languages": [
          "eng-Latn"
        ]
      }
    ]
  },
  "evaluation_time": 10689.208859682083,
  "kg_co2_emissions": null
}