{
  "dataset_revision": "90fceea13679c63fe563ded68f3b6f06e50061de",
  "task_name": "CQADupstackMathematicaRetrieval",
  "mteb_version": "1.36.15",
  "scores": {
    "test": [
      {
        "ndcg_at_1": 0.0398,
        "ndcg_at_3": 0.04882,
        "ndcg_at_5": 0.05373,
        "ndcg_at_10": 0.0614,
        "ndcg_at_20": 0.07048,
        "ndcg_at_100": 0.08962,
        "ndcg_at_1000": 0.1243,
        "map_at_1": 0.02847,
        "map_at_3": 0.04114,
        "map_at_5": 0.04417,
        "map_at_10": 0.04737,
        "map_at_20": 0.04995,
        "map_at_100": 0.05227,
        "map_at_1000": 0.05334,
        "recall_at_1": 0.02847,
        "recall_at_3": 0.05505,
        "recall_at_5": 0.06832,
        "recall_at_10": 0.09143,
        "recall_at_20": 0.12478,
        "recall_at_100": 0.22177,
        "recall_at_1000": 0.48297,
        "precision_at_1": 0.0398,
        "precision_at_3": 0.0257,
        "precision_at_5": 0.01866,
        "precision_at_10": 0.01231,
        "precision_at_20": 0.00846,
        "precision_at_100": 0.00321,
        "precision_at_1000": 0.00075,
        "mrr_at_1": 0.039801,
        "mrr_at_3": 0.054519,
        "mrr_at_5": 0.058188,
        "mrr_at_10": 0.061732,
        "mrr_at_20": 0.064348,
        "mrr_at_100": 0.067142,
        "mrr_at_1000": 0.068116,
        "nauc_ndcg_at_1_max": 0.141496,
        "nauc_ndcg_at_1_std": -0.000704,
        "nauc_ndcg_at_1_diff1": 0.255493,
        "nauc_ndcg_at_3_max": 0.060016,
        "nauc_ndcg_at_3_std": 0.092736,
        "nauc_ndcg_at_3_diff1": 0.191775,
        "nauc_ndcg_at_5_max": 0.046164,
        "nauc_ndcg_at_5_std": 0.099844,
        "nauc_ndcg_at_5_diff1": 0.156546,
        "nauc_ndcg_at_10_max": 0.034408,
        "nauc_ndcg_at_10_std": 0.103001,
        "nauc_ndcg_at_10_diff1": 0.125881,
        "nauc_ndcg_at_20_max": 0.03271,
        "nauc_ndcg_at_20_std": 0.114654,
        "nauc_ndcg_at_20_diff1": 0.124816,
        "nauc_ndcg_at_100_max": 0.036183,
        "nauc_ndcg_at_100_std": 0.111744,
        "nauc_ndcg_at_100_diff1": 0.11665,
        "nauc_ndcg_at_1000_max": 0.034342,
        "nauc_ndcg_at_1000_std": 0.114296,
        "nauc_ndcg_at_1000_diff1": 0.13155,
        "nauc_map_at_1_max": 0.113817,
        "nauc_map_at_1_std": 0.066469,
        "nauc_map_at_1_diff1": 0.250398,
        "nauc_map_at_3_max": 0.064385,
        "nauc_map_at_3_std": 0.099205,
        "nauc_map_at_3_diff1": 0.195557,
        "nauc_map_at_5_max": 0.052651,
        "nauc_map_at_5_std": 0.099322,
        "nauc_map_at_5_diff1": 0.175368,
        "nauc_map_at_10_max": 0.045546,
        "nauc_map_at_10_std": 0.100559,
        "nauc_map_at_10_diff1": 0.159333,
        "nauc_map_at_20_max": 0.044928,
        "nauc_map_at_20_std": 0.104122,
        "nauc_map_at_20_diff1": 0.158406,
        "nauc_map_at_100_max": 0.045864,
        "nauc_map_at_100_std": 0.104148,
        "nauc_map_at_100_diff1": 0.155497,
        "nauc_map_at_1000_max": 0.045059,
        "nauc_map_at_1000_std": 0.103567,
        "nauc_map_at_1000_diff1": 0.155962,
        "nauc_recall_at_1_max": 0.113817,
        "nauc_recall_at_1_std": 0.066469,
        "nauc_recall_at_1_diff1": 0.250398,
        "nauc_recall_at_3_max": 0.039767,
        "nauc_recall_at_3_std": 0.129337,
        "nauc_recall_at_3_diff1": 0.170017,
        "nauc_recall_at_5_max": 0.012446,
        "nauc_recall_at_5_std": 0.123983,
        "nauc_recall_at_5_diff1": 0.114369,
        "nauc_recall_at_10_max": -0.002497,
        "nauc_recall_at_10_std": 0.118474,
        "nauc_recall_at_10_diff1": 0.065046,
        "nauc_recall_at_20_max": 0.001735,
        "nauc_recall_at_20_std": 0.138245,
        "nauc_recall_at_20_diff1": 0.073075,
        "nauc_recall_at_100_max": 0.017136,
        "nauc_recall_at_100_std": 0.122514,
        "nauc_recall_at_100_diff1": 0.071274,
        "nauc_recall_at_1000_max": 0.024969,
        "nauc_recall_at_1000_std": 0.136079,
        "nauc_recall_at_1000_diff1": 0.125189,
        "nauc_precision_at_1_max": 0.141496,
        "nauc_precision_at_1_std": -0.000704,
        "nauc_precision_at_1_diff1": 0.255493,
        "nauc_precision_at_3_max": 0.060612,
        "nauc_precision_at_3_std": 0.083721,
        "nauc_precision_at_3_diff1": 0.175916,
        "nauc_precision_at_5_max": 0.034883,
        "nauc_precision_at_5_std": 0.080419,
        "nauc_precision_at_5_diff1": 0.11535,
        "nauc_precision_at_10_max": 0.018586,
        "nauc_precision_at_10_std": 0.088256,
        "nauc_precision_at_10_diff1": 0.057626,
        "nauc_precision_at_20_max": 0.013973,
        "nauc_precision_at_20_std": 0.107016,
        "nauc_precision_at_20_diff1": 0.056502,
        "nauc_precision_at_100_max": 0.016631,
        "nauc_precision_at_100_std": 0.085586,
        "nauc_precision_at_100_diff1": 0.059248,
        "nauc_precision_at_1000_max": -0.005066,
        "nauc_precision_at_1000_std": 0.071436,
        "nauc_precision_at_1000_diff1": 0.07146,
        "nauc_mrr_at_1_max": 0.141496,
        "nauc_mrr_at_1_std": -0.000704,
        "nauc_mrr_at_1_diff1": 0.255493,
        "nauc_mrr_at_3_max": 0.092907,
        "nauc_mrr_at_3_std": 0.071077,
        "nauc_mrr_at_3_diff1": 0.205896,
        "nauc_mrr_at_5_max": 0.080724,
        "nauc_mrr_at_5_std": 0.070929,
        "nauc_mrr_at_5_diff1": 0.183127,
        "nauc_mrr_at_10_max": 0.074493,
        "nauc_mrr_at_10_std": 0.072797,
        "nauc_mrr_at_10_diff1": 0.168052,
        "nauc_mrr_at_20_max": 0.072218,
        "nauc_mrr_at_20_std": 0.078948,
        "nauc_mrr_at_20_diff1": 0.16685,
        "nauc_mrr_at_100_max": 0.072417,
        "nauc_mrr_at_100_std": 0.080737,
        "nauc_mrr_at_100_diff1": 0.162848,
        "nauc_mrr_at_1000_max": 0.072174,
        "nauc_mrr_at_1000_std": 0.08042,
        "nauc_mrr_at_1000_diff1": 0.163813,
        "main_score": 0.0614,
        "hf_subset": "default",
        "languages": [
          "eng-Latn"
        ]
      }
    ]
  },
  "evaluation_time": 4484.301262378693,
  "kg_co2_emissions": null
}