{
  "dataset_revision": "79531abbd1fb92d06c6d6315a0cbbbf5bb247ea4",
  "task_name": "CQADupstackPhysicsRetrieval",
  "mteb_version": "1.36.15",
  "scores": {
    "test": [
      {
        "ndcg_at_1": 0.12127,
        "ndcg_at_3": 0.14534,
        "ndcg_at_5": 0.15678,
        "ndcg_at_10": 0.17518,
        "ndcg_at_20": 0.1901,
        "ndcg_at_100": 0.22144,
        "ndcg_at_1000": 0.25688,
        "map_at_1": 0.09126,
        "map_at_3": 0.1228,
        "map_at_5": 0.13078,
        "map_at_10": 0.13939,
        "map_at_20": 0.14379,
        "map_at_100": 0.14824,
        "map_at_1000": 0.14957,
        "recall_at_1": 0.09126,
        "recall_at_3": 0.1602,
        "recall_at_5": 0.19014,
        "recall_at_10": 0.24622,
        "recall_at_20": 0.30063,
        "recall_at_100": 0.45612,
        "recall_at_1000": 0.71005,
        "precision_at_1": 0.12127,
        "precision_at_3": 0.07603,
        "precision_at_5": 0.05679,
        "precision_at_10": 0.03705,
        "precision_at_20": 0.02262,
        "precision_at_100": 0.00719,
        "precision_at_1000": 0.00122,
        "mrr_at_1": 0.12127,
        "mrr_at_3": 0.159288,
        "mrr_at_5": 0.168383,
        "mrr_at_10": 0.176813,
        "mrr_at_20": 0.181305,
        "mrr_at_100": 0.185036,
        "mrr_at_1000": 0.185971,
        "nauc_ndcg_at_1_max": 0.293408,
        "nauc_ndcg_at_1_std": -0.077737,
        "nauc_ndcg_at_1_diff1": 0.352618,
        "nauc_ndcg_at_3_max": 0.255479,
        "nauc_ndcg_at_3_std": -0.046271,
        "nauc_ndcg_at_3_diff1": 0.26476,
        "nauc_ndcg_at_5_max": 0.253207,
        "nauc_ndcg_at_5_std": -0.050675,
        "nauc_ndcg_at_5_diff1": 0.243529,
        "nauc_ndcg_at_10_max": 0.238602,
        "nauc_ndcg_at_10_std": -0.053412,
        "nauc_ndcg_at_10_diff1": 0.223232,
        "nauc_ndcg_at_20_max": 0.234803,
        "nauc_ndcg_at_20_std": -0.049261,
        "nauc_ndcg_at_20_diff1": 0.214075,
        "nauc_ndcg_at_100_max": 0.241764,
        "nauc_ndcg_at_100_std": -0.025109,
        "nauc_ndcg_at_100_diff1": 0.211154,
        "nauc_ndcg_at_1000_max": 0.257732,
        "nauc_ndcg_at_1000_std": -0.011768,
        "nauc_ndcg_at_1000_diff1": 0.215722,
        "nauc_map_at_1_max": 0.256995,
        "nauc_map_at_1_std": -0.118873,
        "nauc_map_at_1_diff1": 0.366069,
        "nauc_map_at_3_max": 0.248059,
        "nauc_map_at_3_std": -0.07934,
        "nauc_map_at_3_diff1": 0.290368,
        "nauc_map_at_5_max": 0.249392,
        "nauc_map_at_5_std": -0.077404,
        "nauc_map_at_5_diff1": 0.273346,
        "nauc_map_at_10_max": 0.243817,
        "nauc_map_at_10_std": -0.075189,
        "nauc_map_at_10_diff1": 0.262207,
        "nauc_map_at_20_max": 0.241811,
        "nauc_map_at_20_std": -0.072719,
        "nauc_map_at_20_diff1": 0.259327,
        "nauc_map_at_100_max": 0.24338,
        "nauc_map_at_100_std": -0.068577,
        "nauc_map_at_100_diff1": 0.257956,
        "nauc_map_at_1000_max": 0.244526,
        "nauc_map_at_1000_std": -0.067347,
        "nauc_map_at_1000_diff1": 0.258142,
        "nauc_recall_at_1_max": 0.256995,
        "nauc_recall_at_1_std": -0.118873,
        "nauc_recall_at_1_diff1": 0.366069,
        "nauc_recall_at_3_max": 0.226069,
        "nauc_recall_at_3_std": -0.04508,
        "nauc_recall_at_3_diff1": 0.217369,
        "nauc_recall_at_5_max": 0.229532,
        "nauc_recall_at_5_std": -0.040756,
        "nauc_recall_at_5_diff1": 0.179657,
        "nauc_recall_at_10_max": 0.194856,
        "nauc_recall_at_10_std": -0.03757,
        "nauc_recall_at_10_diff1": 0.13769,
        "nauc_recall_at_20_max": 0.18032,
        "nauc_recall_at_20_std": -0.025397,
        "nauc_recall_at_20_diff1": 0.115973,
        "nauc_recall_at_100_max": 0.189316,
        "nauc_recall_at_100_std": 0.053558,
        "nauc_recall_at_100_diff1": 0.11015,
        "nauc_recall_at_1000_max": 0.261703,
        "nauc_recall_at_1000_std": 0.129963,
        "nauc_recall_at_1000_diff1": 0.104556,
        "nauc_precision_at_1_max": 0.293408,
        "nauc_precision_at_1_std": -0.077737,
        "nauc_precision_at_1_diff1": 0.352618,
        "nauc_precision_at_3_max": 0.26171,
        "nauc_precision_at_3_std": 0.012214,
        "nauc_precision_at_3_diff1": 0.201966,
        "nauc_precision_at_5_max": 0.263603,
        "nauc_precision_at_5_std": 0.015912,
        "nauc_precision_at_5_diff1": 0.144165,
        "nauc_precision_at_10_max": 0.237976,
        "nauc_precision_at_10_std": 0.032025,
        "nauc_precision_at_10_diff1": 0.107092,
        "nauc_precision_at_20_max": 0.233451,
        "nauc_precision_at_20_std": 0.041685,
        "nauc_precision_at_20_diff1": 0.091596,
        "nauc_precision_at_100_max": 0.227295,
        "nauc_precision_at_100_std": 0.144474,
        "nauc_precision_at_100_diff1": 0.069131,
        "nauc_precision_at_1000_max": 0.189015,
        "nauc_precision_at_1000_std": 0.245608,
        "nauc_precision_at_1000_diff1": 0.043426,
        "nauc_mrr_at_1_max": 0.293408,
        "nauc_mrr_at_1_std": -0.077737,
        "nauc_mrr_at_1_diff1": 0.352618,
        "nauc_mrr_at_3_max": 0.274756,
        "nauc_mrr_at_3_std": -0.038042,
        "nauc_mrr_at_3_diff1": 0.278534,
        "nauc_mrr_at_5_max": 0.276837,
        "nauc_mrr_at_5_std": -0.037203,
        "nauc_mrr_at_5_diff1": 0.269266,
        "nauc_mrr_at_10_max": 0.270893,
        "nauc_mrr_at_10_std": -0.038496,
        "nauc_mrr_at_10_diff1": 0.258992,
        "nauc_mrr_at_20_max": 0.271275,
        "nauc_mrr_at_20_std": -0.036993,
        "nauc_mrr_at_20_diff1": 0.256198,
        "nauc_mrr_at_100_max": 0.271859,
        "nauc_mrr_at_100_std": -0.034334,
        "nauc_mrr_at_100_diff1": 0.255606,
        "nauc_mrr_at_1000_max": 0.272312,
        "nauc_mrr_at_1000_std": -0.034293,
        "nauc_mrr_at_1000_diff1": 0.255964,
        "main_score": 0.17518,
        "hf_subset": "default",
        "languages": [
          "eng-Latn"
        ]
      }
    ]
  },
  "evaluation_time": 10229.812850475311,
  "kg_co2_emissions": null
}