{
  "dataset_revision": "f46a197baaae43b4f621051089b82a364682dfeb",
  "task_name": "CQADupstackAndroidRetrieval",
  "mteb_version": "1.36.15",
  "scores": {
    "test": [
      {
        "ndcg_at_1": 0.17454,
        "ndcg_at_3": 0.19109,
        "ndcg_at_5": 0.2043,
        "ndcg_at_10": 0.22028,
        "ndcg_at_20": 0.24068,
        "ndcg_at_100": 0.2718,
        "ndcg_at_1000": 0.30692,
        "map_at_1": 0.1403,
        "map_at_3": 0.16565,
        "map_at_5": 0.17562,
        "map_at_10": 0.18294,
        "map_at_20": 0.18899,
        "map_at_100": 0.19398,
        "map_at_1000": 0.1955,
        "recall_at_1": 0.1403,
        "recall_at_3": 0.19438,
        "recall_at_5": 0.23436,
        "recall_at_10": 0.28626,
        "recall_at_20": 0.36319,
        "recall_at_100": 0.51202,
        "recall_at_1000": 0.75629,
        "precision_at_1": 0.17454,
        "precision_at_3": 0.09108,
        "precision_at_5": 0.0681,
        "precision_at_10": 0.0432,
        "precision_at_20": 0.02833,
        "precision_at_100": 0.00884,
        "precision_at_1000": 0.00159,
        "mrr_at_1": 0.174535,
        "mrr_at_3": 0.210062,
        "mrr_at_5": 0.221006,
        "mrr_at_10": 0.229308,
        "mrr_at_20": 0.234953,
        "mrr_at_100": 0.23873,
        "mrr_at_1000": 0.239572,
        "nauc_ndcg_at_1_max": 0.083604,
        "nauc_ndcg_at_1_std": -0.05399,
        "nauc_ndcg_at_1_diff1": 0.308393,
        "nauc_ndcg_at_3_max": 0.112251,
        "nauc_ndcg_at_3_std": -0.055282,
        "nauc_ndcg_at_3_diff1": 0.263837,
        "nauc_ndcg_at_5_max": 0.114536,
        "nauc_ndcg_at_5_std": -0.044094,
        "nauc_ndcg_at_5_diff1": 0.262479,
        "nauc_ndcg_at_10_max": 0.113263,
        "nauc_ndcg_at_10_std": -0.045539,
        "nauc_ndcg_at_10_diff1": 0.249459,
        "nauc_ndcg_at_20_max": 0.108142,
        "nauc_ndcg_at_20_std": -0.027961,
        "nauc_ndcg_at_20_diff1": 0.25616,
        "nauc_ndcg_at_100_max": 0.113018,
        "nauc_ndcg_at_100_std": -0.023987,
        "nauc_ndcg_at_100_diff1": 0.260148,
        "nauc_ndcg_at_1000_max": 0.11225,
        "nauc_ndcg_at_1000_std": -0.023582,
        "nauc_ndcg_at_1000_diff1": 0.25607,
        "nauc_map_at_1_max": 0.094652,
        "nauc_map_at_1_std": -0.046501,
        "nauc_map_at_1_diff1": 0.342291,
        "nauc_map_at_3_max": 0.108752,
        "nauc_map_at_3_std": -0.054268,
        "nauc_map_at_3_diff1": 0.296895,
        "nauc_map_at_5_max": 0.111692,
        "nauc_map_at_5_std": -0.045205,
        "nauc_map_at_5_diff1": 0.293256,
        "nauc_map_at_10_max": 0.112013,
        "nauc_map_at_10_std": -0.043777,
        "nauc_map_at_10_diff1": 0.286085,
        "nauc_map_at_20_max": 0.110477,
        "nauc_map_at_20_std": -0.038224,
        "nauc_map_at_20_diff1": 0.28683,
        "nauc_map_at_100_max": 0.110824,
        "nauc_map_at_100_std": -0.037135,
        "nauc_map_at_100_diff1": 0.286998,
        "nauc_map_at_1000_max": 0.110333,
        "nauc_map_at_1000_std": -0.037148,
        "nauc_map_at_1000_diff1": 0.286769,
        "nauc_recall_at_1_max": 0.094652,
        "nauc_recall_at_1_std": -0.046501,
        "nauc_recall_at_1_diff1": 0.342291,
        "nauc_recall_at_3_max": 0.115343,
        "nauc_recall_at_3_std": -0.068243,
        "nauc_recall_at_3_diff1": 0.243305,
        "nauc_recall_at_5_max": 0.121873,
        "nauc_recall_at_5_std": -0.042594,
        "nauc_recall_at_5_diff1": 0.228115,
        "nauc_recall_at_10_max": 0.118627,
        "nauc_recall_at_10_std": -0.039369,
        "nauc_recall_at_10_diff1": 0.187877,
        "nauc_recall_at_20_max": 0.104885,
        "nauc_recall_at_20_std": 0.011611,
        "nauc_recall_at_20_diff1": 0.201045,
        "nauc_recall_at_100_max": 0.119171,
        "nauc_recall_at_100_std": 0.026039,
        "nauc_recall_at_100_diff1": 0.205409,
        "nauc_recall_at_1000_max": 0.145219,
        "nauc_recall_at_1000_std": 0.088172,
        "nauc_recall_at_1000_diff1": 0.166008,
        "nauc_precision_at_1_max": 0.083604,
        "nauc_precision_at_1_std": -0.05399,
        "nauc_precision_at_1_diff1": 0.308393,
        "nauc_precision_at_3_max": 0.122681,
        "nauc_precision_at_3_std": -0.057112,
        "nauc_precision_at_3_diff1": 0.188491,
        "nauc_precision_at_5_max": 0.116923,
        "nauc_precision_at_5_std": -0.022634,
        "nauc_precision_at_5_diff1": 0.166545,
        "nauc_precision_at_10_max": 0.099088,
        "nauc_precision_at_10_std": -0.01716,
        "nauc_precision_at_10_diff1": 0.107562,
        "nauc_precision_at_20_max": 0.079329,
        "nauc_precision_at_20_std": 0.046981,
        "nauc_precision_at_20_diff1": 0.098779,
        "nauc_precision_at_100_max": 0.062001,
        "nauc_precision_at_100_std": 0.077806,
        "nauc_precision_at_100_diff1": 0.044006,
        "nauc_precision_at_1000_max": -0.055685,
        "nauc_precision_at_1000_std": 0.064012,
        "nauc_precision_at_1000_diff1": -0.13984,
        "nauc_mrr_at_1_max": 0.083604,
        "nauc_mrr_at_1_std": -0.05399,
        "nauc_mrr_at_1_diff1": 0.308393,
        "nauc_mrr_at_3_max": 0.094423,
        "nauc_mrr_at_3_std": -0.061591,
        "nauc_mrr_at_3_diff1": 0.254694,
        "nauc_mrr_at_5_max": 0.09621,
        "nauc_mrr_at_5_std": -0.057223,
        "nauc_mrr_at_5_diff1": 0.251721,
        "nauc_mrr_at_10_max": 0.09671,
        "nauc_mrr_at_10_std": -0.057043,
        "nauc_mrr_at_10_diff1": 0.244798,
        "nauc_mrr_at_20_max": 0.096964,
        "nauc_mrr_at_20_std": -0.052433,
        "nauc_mrr_at_20_diff1": 0.248123,
        "nauc_mrr_at_100_max": 0.096999,
        "nauc_mrr_at_100_std": -0.053394,
        "nauc_mrr_at_100_diff1": 0.248884,
        "nauc_mrr_at_1000_max": 0.09683,
        "nauc_mrr_at_1000_std": -0.053414,
        "nauc_mrr_at_1000_diff1": 0.248859,
        "main_score": 0.22028,
        "hf_subset": "default",
        "languages": [
          "eng-Latn"
        ]
      }
    ]
  },
  "evaluation_time": 6121.482037782669,
  "kg_co2_emissions": null
}