{
  "dataset_revision": "c22ab2a51041ffd869aaddef7af8d8215647e41a",
  "task_name": "ArguAna",
  "mteb_version": "1.36.15",
  "scores": {
    "test": [
      {
        "ndcg_at_1": 0.16785,
        "ndcg_at_3": 0.28268,
        "ndcg_at_5": 0.32238,
        "ndcg_at_10": 0.37111,
        "ndcg_at_20": 0.39767,
        "ndcg_at_100": 0.43042,
        "ndcg_at_1000": 0.44172,
        "map_at_1": 0.16785,
        "map_at_3": 0.25344,
        "map_at_5": 0.27538,
        "map_at_10": 0.29548,
        "map_at_20": 0.30294,
        "map_at_100": 0.30761,
        "map_at_1000": 0.30805,
        "recall_at_1": 0.16785,
        "recall_at_3": 0.36771,
        "recall_at_5": 0.46444,
        "recall_at_10": 0.61522,
        "recall_at_20": 0.71906,
        "recall_at_100": 0.89331,
        "recall_at_1000": 0.98151,
        "precision_at_1": 0.16785,
        "precision_at_3": 0.12257,
        "precision_at_5": 0.09289,
        "precision_at_10": 0.06152,
        "precision_at_20": 0.03595,
        "precision_at_100": 0.00893,
        "precision_at_1000": 0.00098,
        "mrr_at_1": 0.169986,
        "mrr_at_3": 0.254386,
        "mrr_at_5": 0.276292,
        "mrr_at_10": 0.296321,
        "mrr_at_20": 0.303841,
        "mrr_at_100": 0.308518,
        "mrr_at_1000": 0.308961,
        "nauc_ndcg_at_1_max": -0.080517,
        "nauc_ndcg_at_1_std": -0.035667,
        "nauc_ndcg_at_1_diff1": 0.051464,
        "nauc_ndcg_at_3_max": -0.053831,
        "nauc_ndcg_at_3_std": -0.063238,
        "nauc_ndcg_at_3_diff1": 0.023628,
        "nauc_ndcg_at_5_max": -0.053453,
        "nauc_ndcg_at_5_std": -0.063416,
        "nauc_ndcg_at_5_diff1": 0.013337,
        "nauc_ndcg_at_10_max": -0.035165,
        "nauc_ndcg_at_10_std": -0.034813,
        "nauc_ndcg_at_10_diff1": 0.020385,
        "nauc_ndcg_at_20_max": -0.03537,
        "nauc_ndcg_at_20_std": -0.027453,
        "nauc_ndcg_at_20_diff1": 0.020001,
        "nauc_ndcg_at_100_max": -0.034591,
        "nauc_ndcg_at_100_std": -0.023832,
        "nauc_ndcg_at_100_diff1": 0.021108,
        "nauc_ndcg_at_1000_max": -0.040356,
        "nauc_ndcg_at_1000_std": -0.031365,
        "nauc_ndcg_at_1000_diff1": 0.022356,
        "nauc_map_at_1_max": -0.080517,
        "nauc_map_at_1_std": -0.035667,
        "nauc_map_at_1_diff1": 0.051464,
        "nauc_map_at_3_max": -0.059794,
        "nauc_map_at_3_std": -0.060102,
        "nauc_map_at_3_diff1": 0.02702,
        "nauc_map_at_5_max": -0.059368,
        "nauc_map_at_5_std": -0.060102,
        "nauc_map_at_5_diff1": 0.020902,
        "nauc_map_at_10_max": -0.052445,
        "nauc_map_at_10_std": -0.048268,
        "nauc_map_at_10_diff1": 0.023682,
        "nauc_map_at_20_max": -0.052253,
        "nauc_map_at_20_std": -0.046138,
        "nauc_map_at_20_diff1": 0.024139,
        "nauc_map_at_100_max": -0.052986,
        "nauc_map_at_100_std": -0.045375,
        "nauc_map_at_100_diff1": 0.024035,
        "nauc_map_at_1000_max": -0.053118,
        "nauc_map_at_1000_std": -0.045684,
        "nauc_map_at_1000_diff1": 0.024123,
        "nauc_recall_at_1_max": -0.080517,
        "nauc_recall_at_1_std": -0.035667,
        "nauc_recall_at_1_diff1": 0.051464,
        "nauc_recall_at_3_max": -0.039131,
        "nauc_recall_at_3_std": -0.070017,
        "nauc_recall_at_3_diff1": 0.016155,
        "nauc_recall_at_5_max": -0.038962,
        "nauc_recall_at_5_std": -0.0708,
        "nauc_recall_at_5_diff1": -0.00556,
        "nauc_recall_at_10_max": 0.02191,
        "nauc_recall_at_10_std": 0.015687,
        "nauc_recall_at_10_diff1": 0.014413,
        "nauc_recall_at_20_max": 0.030531,
        "nauc_recall_at_20_std": 0.058697,
        "nauc_recall_at_20_diff1": 0.006491,
        "nauc_recall_at_100_max": 0.1517,
        "nauc_recall_at_100_std": 0.19792,
        "nauc_recall_at_100_diff1": 0.012426,
        "nauc_recall_at_1000_max": 0.346626,
        "nauc_recall_at_1000_std": 0.47804,
        "nauc_recall_at_1000_diff1": 0.064148,
        "nauc_precision_at_1_max": -0.080517,
        "nauc_precision_at_1_std": -0.035667,
        "nauc_precision_at_1_diff1": 0.051464,
        "nauc_precision_at_3_max": -0.039131,
        "nauc_precision_at_3_std": -0.070017,
        "nauc_precision_at_3_diff1": 0.016155,
        "nauc_precision_at_5_max": -0.038962,
        "nauc_precision_at_5_std": -0.0708,
        "nauc_precision_at_5_diff1": -0.00556,
        "nauc_precision_at_10_max": 0.02191,
        "nauc_precision_at_10_std": 0.015687,
        "nauc_precision_at_10_diff1": 0.014413,
        "nauc_precision_at_20_max": 0.030531,
        "nauc_precision_at_20_std": 0.058697,
        "nauc_precision_at_20_diff1": 0.006491,
        "nauc_precision_at_100_max": 0.1517,
        "nauc_precision_at_100_std": 0.19792,
        "nauc_precision_at_100_diff1": 0.012426,
        "nauc_precision_at_1000_max": 0.346626,
        "nauc_precision_at_1000_std": 0.47804,
        "nauc_precision_at_1000_diff1": 0.064148,
        "nauc_mrr_at_1_max": -0.076387,
        "nauc_mrr_at_1_std": -0.040521,
        "nauc_mrr_at_1_diff1": 0.042589,
        "nauc_mrr_at_3_max": -0.061799,
        "nauc_mrr_at_3_std": -0.062503,
        "nauc_mrr_at_3_diff1": 0.020004,
        "nauc_mrr_at_5_max": -0.060849,
        "nauc_mrr_at_5_std": -0.061519,
        "nauc_mrr_at_5_diff1": 0.014598,
        "nauc_mrr_at_10_max": -0.053685,
        "nauc_mrr_at_10_std": -0.049988,
        "nauc_mrr_at_10_diff1": 0.017267,
        "nauc_mrr_at_20_max": -0.053186,
        "nauc_mrr_at_20_std": -0.047775,
        "nauc_mrr_at_20_diff1": 0.017966,
        "nauc_mrr_at_100_max": -0.053942,
        "nauc_mrr_at_100_std": -0.047037,
        "nauc_mrr_at_100_diff1": 0.017774,
        "nauc_mrr_at_1000_max": -0.054076,
        "nauc_mrr_at_1000_std": -0.047348,
        "nauc_mrr_at_1000_diff1": 0.017852,
        "main_score": 0.37111,
        "hf_subset": "default",
        "languages": [
          "eng-Latn"
        ]
      }
    ]
  },
  "evaluation_time": 298.8216242790222,
  "kg_co2_emissions": null
}