{
  "dataset_revision": "70970daeab8776df92f5ea462b6173c0b46fd2d1",
  "task_name": "TwitterSemEval2015",
  "mteb_version": "1.36.15",
  "scores": {
    "test": [
      {
        "similarity_accuracy": 0.845324,
        "similarity_accuracy_threshold": 0.720699,
        "similarity_f1": 0.619755,
        "similarity_f1_threshold": 0.67122,
        "similarity_precision": 0.612255,
        "similarity_recall": 0.627441,
        "similarity_ap": 0.66511,
        "cosine_accuracy": 0.845324,
        "cosine_accuracy_threshold": 0.720699,
        "cosine_f1": 0.619755,
        "cosine_f1_threshold": 0.67122,
        "cosine_precision": 0.612255,
        "cosine_recall": 0.627441,
        "cosine_ap": 0.66511,
        "manhattan_accuracy": 0.836026,
        "manhattan_accuracy_threshold": 7547.897461,
        "manhattan_f1": 0.609902,
        "manhattan_f1_threshold": 8106.993164,
        "manhattan_precision": 0.589132,
        "manhattan_recall": 0.63219,
        "manhattan_ap": 0.651604,
        "euclidean_accuracy": 0.83531,
        "euclidean_accuracy_threshold": 152.479462,
        "euclidean_f1": 0.606782,
        "euclidean_f1_threshold": 169.261108,
        "euclidean_precision": 0.589068,
        "euclidean_recall": 0.625594,
        "euclidean_ap": 0.640563,
        "dot_accuracy": 0.796269,
        "dot_accuracy_threshold": 34557.296875,
        "dot_f1": 0.512326,
        "dot_f1_threshold": 27756.996094,
        "dot_precision": 0.421726,
        "dot_recall": 0.652507,
        "dot_ap": 0.501828,
        "max_accuracy": 0.845324,
        "max_f1": 0.619755,
        "max_precision": 0.612255,
        "max_recall": 0.652507,
        "max_ap": 0.66511,
        "main_score": 0.66511,
        "hf_subset": "default",
        "languages": [
          "eng-Latn"
        ]
      }
    ]
  },
  "evaluation_time": 127.79451060295105,
  "kg_co2_emissions": null
}